Date,Abrir,Alto,Baixo,Fechado,Volume,Dividendo,Ações,Ingresso
2023-04-13 00:00:00-04:00,9.408662517853971,9.49585288489139,9.361104410714464,9.424515724182129,13568700,0,0,PBR
2023-04-14 00:00:00-04:00,9.4007360941016,9.59097079405768,9.392810246708741,9.55926513671875,16852800,0,0,PBR
2023-04-17 00:00:00-04:00,9.598896026611328,9.622675835034228,9.511705663494709,9.598896026611328,16075800,0,0,PBR
2023-04-18 00:00:00-04:00,9.519632780911783,9.836689351131975,9.472073917417509,9.741572380065918,27060100,0,0,PBR
2023-04-19 00:00:00-04:00,9.543411640708488,9.559264846858495,9.226355076933114,9.242207527160645,27611000,0,0,PBR
2023-04-20 00:00:00-04:00,9.234280100094566,9.448293828487978,9.194648600100889,9.321471214294434,16229600,0,0,PBR
2023-04-21 00:00:00-04:00,9.305618153854653,9.353177012875898,9.147089883654537,9.194648742675781,12849900,0,0,PBR
2023-04-24 00:00:00-04:00,9.321471878881097,9.487926760858347,9.226354911454449,9.472073554992676,19775900,0,0,PBR
2023-04-25 00:00:00-04:00,9.495852622206314,9.551338086897482,9.250133978297082,9.369029998779297,22653200,0,0,PBR
2023-04-26 00:00:00-04:00,9.3690286349413,9.416587489764579,9.265985079426155,9.305617332458496,23313900,0,0,PBR
2023-04-27 00:00:00-04:00,9.456220444963115,9.464146291420231,9.051972794676301,9.115384101867676,35693000,0,0,PBR
2023-04-28 00:00:00-04:00,9.289002862156227,9.535769307164365,9.08630206387726,9.35950756072998,37526500,1,0,PBR
2023-05-01 00:00:00-04:00,9.306628393463294,9.526955761447459,9.236122862464729,9.26256275177002,14166400,0,0,PBR
2023-05-02 00:00:00-04:00,9.25374955626344,9.271376149325881,8.82190811202021,8.918851852416992,25490300,0,0,PBR
2023-05-03 00:00:00-04:00,8.910040068069563,9.077489368652861,8.82190960924678,8.927666664123535,24811100,0,0,PBR
2023-05-04 00:00:00-04:00,9.121554888404331,9.192059590651436,8.848348536835042,9.051050186157227,17398600,0,0,PBR
2023-05-05 00:00:00-04:00,9.236124068522,9.571021812446896,9.165619368799108,9.53576946258545,21439100,0,0,PBR
2023-05-08 00:00:00-04:00,9.6679666284131,9.764910382652456,9.526957225707731,9.571022033691406,15334300,0,0,PBR
2023-05-09 00:00:00-04:00,9.465264475383645,9.747284106192033,9.45645117806538,9.703218460083008,14440400,0,0,PBR
2023-05-10 00:00:00-04:00,9.747283653755037,9.861853151645352,9.61508672156411,9.791348457336426,21228900,0,0,PBR
2023-05-11 00:00:00-04:00,9.588647939976141,10.143873053577076,9.491704192705734,9.967611312866211,39401800,0,0,PBR
2023-05-12 00:00:00-04:00,10.170311812262433,10.646218918745062,9.377133581618805,10.452330589294434,33405000,0,0,PBR
2023-05-15 00:00:00-04:00,10.284882600093237,10.373013892008986,10.126246610837804,10.302508354187012,24686900,0,0,PBR
2023-05-16 00:00:00-04:00,10.443517682258069,10.760788792729489,10.373012991042199,10.38182544708252,32015800,0,0,PBR
2023-05-17 00:00:00-04:00,10.452331440057993,10.461144737678161,10.267256392446065,10.355387687683105,22621500,0,0,PBR
2023-05-18 00:00:00-04:00,10.249630418091,10.346574168388878,10.143873370361776,10.320135116577148,18480900,0,0,PBR
2023-05-19 00:00:00-04:00,10.337760870957533,10.417078866875027,10.284882767334073,10.320135116577148,15292400,0,0,PBR
2023-05-22 00:00:00-04:00,10.399453180150822,10.399453180150822,10.161499190850273,10.179125785827637,13505800,0,0,PBR
2023-05-23 00:00:00-04:00,10.328948855099766,10.549276257398501,10.240817557987336,10.390640258789062,13511000,0,0,PBR
2023-05-24 00:00:00-04:00,10.531648804074502,10.619780094009425,10.373013658866816,10.549275398254395,15163700,0,0,PBR
2023-05-25 00:00:00-04:00,10.434705685299978,10.496397087676513,10.29369628530657,10.355387687683105,17164400,0,0,PBR
2023-05-26 00:00:00-04:00,10.478770702499363,10.61096679691948,10.390639412564438,10.549275398254395,13145100,0,0,PBR
2023-05-30 00:00:00-04:00,10.399453167154332,10.434705516582694,10.20556482505719,10.337760925292969,17059300,0,0,PBR
2023-05-31 00:00:00-04:00,10.152687126293353,10.214378530134171,10.108621477628908,10.170312881469727,15827300,0,0,PBR
2023-06-01 00:00:00-04:00,10.232003860796041,10.575714897539712,10.205564808887237,10.558088302612305,18589800,0,0,PBR
2023-06-02 00:00:00-04:00,10.831294229453022,10.901798925521664,10.725537185350058,10.78722858428955,19578900,0,0,PBR
2023-06-05 00:00:00-04:00,10.989931402445515,11.025183754286077,10.82248210084107,10.884174346923828,15118200,0,0,PBR
2023-06-06 00:00:00-04:00,10.778415220061197,11.219069987988126,10.751976169320615,11.148565292358398,20975700,0,0,PBR
2023-06-07 00:00:00-04:00,11.457024181397795,11.53634217559233,11.351267135965843,11.465837478637695,27943500,0,0,PBR
2023-06-08 00:00:00-04:00,11.509902894866274,11.615659938189603,11.386519257414589,11.58922004699707,18612900,0,0,PBR
2023-06-09 00:00:00-04:00,11.589220247148033,12.170885256195358,11.57159449319754,12.126819610595703,31179400,0,0,PBR
2023-06-12 00:00:00-04:00,12.153257932835931,12.382398603824935,12.047500894029215,12.320706367492676,29494900,0,0,PBR
2023-06-13 00:00:00-04:00,12.37943456072255,12.528584235465853,12.267572304665073,12.370113372802734,32261300,0,0,PBR
2023-06-14 00:00:00-04:00,12.4540092171141,12.985356036918384,12.426043875756667,12.948068618774414,34606500,0,0,PBR
2023-06-15 00:00:00-04:00,13.246369138780501,13.292978637844922,12.817563347591882,12.854850769042969,30404200,0,0,PBR
2023-06-16 00:00:00-04:00,12.76163160292541,13.004000283668159,12.72434418196516,12.957390785217285,15216800,0,0,PBR
2023-06-20 00:00:00-04:00,13.255690599237441,13.33958751584689,12.985356584052672,13.26501178741455,26362900,0,0,PBR
2023-06-21 00:00:00-04:00,13.526025070812075,13.98279619998436,13.526025070812075,13.926864624023438,36407900,0,0,PBR
2023-06-22 00:00:00-04:00,13.712462223153802,13.777714987832265,13.526025117642304,13.684496879577637,26233300,0,0,PBR
2023-06-23 00:00:00-04:00,13.460770924914986,13.516702498829735,13.115862071280285,13.134506225585938,23289600,0,0,PBR
2023-06-26 00:00:00-04:00,13.358231261829479,13.553990444627491,13.311621763258097,13.44212818145752,17584100,0,0,PBR
2023-06-27 00:00:00-04:00,13.54466797086006,13.553990048102063,13.143828428478214,13.274333953857422,18343200,0,0,PBR
2023-06-28 00:00:00-04:00,13.209081738594803,13.386196768522039,13.153150161827003,13.218403816223145,18639400,0,0,PBR
2023-06-29 00:00:00-04:00,13.283656700803283,13.376875699918596,13.19043770168797,13.358231544494629,16081300,0,0,PBR
2023-06-30 00:00:00-04:00,13.26501172280018,13.376874870402695,12.82688476553286,12.89213752746582,31841100,0,0,PBR
2023-07-03 00:00:00-04:00,13.069253540003439,13.199759064897908,12.976034545934063,13.02264404296875,9452600,0,0,PBR
2023-07-05 00:00:00-04:00,12.99467733959052,13.069253065539966,12.752309564012997,12.96671199798584,22911900,0,0,PBR
2023-07-06 00:00:00-04:00,12.770953719564996,12.873494794271702,12.44468900741321,12.593838691711426,22770400,0,0,PBR
2023-07-07 00:00:00-04:00,12.836207111704915,12.892137797676234,12.649769121127916,12.687056541442871,17070300,0,0,PBR
2023-07-10 00:00:00-04:00,12.649769096740346,12.780275512092198,12.612481676497278,12.677735328674316,15597800,0,0,PBR
2023-07-11 00:00:00-04:00,12.509941204238547,12.649768804671032,12.407401023188207,12.640447616577148,14985400,0,0,PBR
2023-07-12 00:00:00-04:00,12.789597614060666,13.0040000586211,12.659091198457212,12.687056541442871,13704000,0,0,PBR
2023-07-13 00:00:00-04:00,12.798918445403775,12.929424857367179,12.76163102612883,12.88281536102295,11689400,0,0,PBR
2023-07-14 00:00:00-04:00,12.826884440891009,12.864171859480718,12.584515775556797,12.612481117248535,15564200,0,0,PBR
2023-07-17 00:00:00-04:00,12.146388663986727,12.659091366890708,12.137067475535636,12.584516525268555,20918100,0,0,PBR
2023-07-18 00:00:00-04:00,12.537907196566138,12.640448271935036,12.416722855040689,12.481976509094238,23190600,0,0,PBR
2023-07-19 00:00:00-04:00,12.49129678458143,12.677734766532165,12.407400759506219,12.612481117248535,23866900,0,0,PBR
2023-07-20 00:00:00-04:00,12.631125831119924,12.74298809184913,12.537906836011143,12.677735328674316,17448500,0,0,PBR
2023-07-21 00:00:00-04:00,12.845527842914729,13.087896510838187,12.789597158933741,12.985356330871582,16230100,0,0,PBR
2023-07-24 00:00:00-04:00,13.115861833789834,13.414162074263462,13.087896491839935,13.348908424377441,23304200,0,0,PBR
2023-07-25 00:00:00-04:00,13.330265077209086,13.591277008137036,13.255690239801101,13.572633743286133,16448200,0,0,PBR
2023-07-26 00:00:00-04:00,13.563311487203801,13.656529588231384,13.358230242539635,13.55398941040039,15736800,0,0,PBR
2023-07-27 00:00:00-04:00,13.320943189468396,13.34890853164301,12.724343592729337,12.76163101196289,25733300,0,0,PBR
2023-07-28 00:00:00-04:00,12.929424757888402,13.078574433840624,12.882815261902785,12.985356330871582,10642500,0,0,PBR
2023-07-31 00:00:00-04:00,13.311621779552397,13.712462223153802,13.255691092400069,13.684496879577637,33928800,0,0,PBR
2023-08-01 00:00:00-04:00,13.488736896555686,13.5446675803909,12.976034220054537,13.227724075317383,24219000,0,0,PBR
2023-08-02 00:00:00-04:00,13.087897389539654,13.18111638776947,12.864172860590797,13.097219467163086,22685700,0,0,PBR
2023-08-03 00:00:00-04:00,13.097219289270976,13.17179413124102,12.966712871322278,13.078575134277344,16908400,0,0,PBR
2023-08-04 00:00:00-04:00,12.966712012761631,12.994677354398178,12.32350382110797,12.60315990447998,37891000,0,0,PBR
2023-08-07 00:00:00-04:00,12.565872167915177,12.64044789733809,12.43536664168008,12.556550979614258,19412100,0,0,PBR
2023-08-08 00:00:00-04:00,12.351469835542431,12.68705662046731,12.286217071835374,12.575194358825684,14557400,0,0,PBR
2023-08-09 00:00:00-04:00,12.565872178942888,12.780275512092198,12.547228913322465,12.677735328674316,15841900,0,0,PBR
2023-08-10 00:00:00-04:00,12.659090806789996,12.901459475839523,12.603160122549149,12.752309799194336,14819500,0,0,PBR
2023-08-11 00:00:00-04:00,12.845528480220546,12.9667128201946,12.55655119097662,12.705700874328613,18339200,0,0,PBR
2023-08-14 00:00:00-04:00,12.640448100986287,12.687056710248456,12.481976340288654,12.584516525268555,14103300,0,0,PBR
2023-08-15 00:00:00-04:00,13.115861976972903,13.115861976972903,12.500619113345495,12.51926326751709,37294400,0,0,PBR
2023-08-16 00:00:00-04:00,12.752310014742475,13.106540947263346,12.742987937544035,12.901459693908691,31503100,0,0,PBR
2023-08-17 00:00:00-04:00,13.087896987601704,13.181115982968704,12.798918813165784,12.80824089050293,16431700,0,0,PBR
2023-08-18 00:00:00-04:00,12.687055802764455,12.966711883345313,12.677734614980091,12.948068618774414,14680400,0,0,PBR
2023-08-21 00:00:00-04:00,13.003999656282542,13.041287075443838,12.631125464669571,12.752309799194336,17267500,0,0,PBR
2023-08-22 00:00:00-04:00,12.994631989092444,13.091174942456867,12.89808903572802,13.052557945251465,11578400,0,0,PBR
2023-08-23 00:00:00-04:00,13.477344619233174,14.046946006059722,13.477344619233174,14.037291526794434,43122300,0,0,PBR
2023-08-24 00:00:00-04:00,14.075908821420327,14.162797295245438,13.844206838354587,13.989020347595215,15296100,0,0,PBR
2023-08-25 00:00:00-04:00,13.998675185801543,13.998675185801543,13.70904723919631,13.815244674682617,21185700,0,0,PBR
2023-08-28 00:00:00-04:00,13.78628045446272,14.027636909509276,13.72835542084456,13.998674392700195,18657700,0,0,PBR
2023-08-29 00:00:00-04:00,13.940748711957532,14.124180136985638,13.853861159825186,14.075908660888672,16231400,0,0,PBR
2023-08-30 00:00:00-04:00,14.075908523153768,14.153142515872437,14.037291526794434,14.037291526794434,11264100,0,0,PBR
2023-08-31 00:00:00-04:00,13.882824246222825,13.892478725978295,13.486999783267194,13.564233779907227,26393300,0,0,PBR
2023-09-01 00:00:00-04:00,13.76697284399934,13.99867482706508,13.602850375818983,13.989020347595215,25527000,0,0,PBR
2023-09-05 00:00:00-04:00,13.738009074186186,14.38484445183407,13.709046557177093,14.288302421569824,35648000,0,0,PBR
2023-09-06 00:00:00-04:00,14.288302401161628,14.597238370688858,14.278647921938449,14.41380786895752,28217400,0,0,PBR
2023-09-07 00:00:00-04:00,14.326919546835468,14.404153540023112,14.008329094760978,14.056600570678711,13367900,0,0,PBR
2023-09-08 00:00:00-04:00,14.297957445719748,14.404153959268244,14.172451972961426,14.172451972961426,21015700,0,0,PBR
2023-09-11 00:00:00-04:00,14.433116668139096,14.471733666367289,14.201414678769947,14.230377197265625,21737000,0,0,PBR
2023-09-12 00:00:00-04:00,14.268993515392193,14.471732976602514,14.259339956821657,14.307610511779785,10487900,0,0,PBR
2023-09-13 00:00:00-04:00,14.37519141564768,14.500696888183304,14.297957420349121,14.297957420349121,13699700,0,0,PBR
2023-09-14 00:00:00-04:00,14.500696890998487,14.857904349499139,14.481387931819173,14.838595390319824,25285200,0,0,PBR
2023-09-15 00:00:00-04:00,14.809632759962723,14.877212275174216,14.655164770506824,14.67447280883789,15992500,0,0,PBR
2023-09-18 00:00:00-04:00,14.973755427834899,15.166840417219563,14.790323997393077,14.857904434204102,14585300,0,0,PBR
2023-09-19 00:00:00-04:00,15.041335022976089,15.050989502671513,14.742053518032803,14.751707077026367,28990300,0,0,PBR
2023-09-20 00:00:00-04:00,14.771015738425463,15.012372201730775,14.751706779424156,14.799978256225586,16380100,0,0,PBR
2023-09-21 00:00:00-04:00,14.548967523513657,14.713089994587422,14.423462050298314,14.462079048156738,18099600,0,0,PBR
2023-09-22 00:00:00-04:00,14.568275885799613,14.742052829392234,14.491041893247742,14.558621406555176,8987600,0,0,PBR
2023-09-25 00:00:00-04:00,14.481387276551539,14.616547222585337,14.433115801489338,14.520004272460938,9710100,0,0,PBR
2023-09-26 00:00:00-04:00,14.384844913997755,14.433116391031676,14.11452593159038,14.153142929077148,16180400,0,0,PBR
2023-09-27 00:00:00-04:00,14.240031406143029,14.433116393611378,14.172451890704567,14.4234619140625,21724100,0,0,PBR
2023-09-28 00:00:00-04:00,14.307610597004341,14.45242502484678,14.259340041758685,14.326919555664062,16015100,0,0,PBR
2023-09-29 00:00:00-04:00,14.462078613911538,14.616547521408933,14.433116096562827,14.471733093261719,16879500,0,0,PBR
2023-10-02 00:00:00-04:00,14.51035047281674,14.529659432026566,14.075909018315993,14.172451972961426,17701500,0,0,PBR
2023-10-03 00:00:00-04:00,14.056600614903813,14.17245160504977,13.718701203118394,13.80558967590332,20817700,0,0,PBR
2023-10-04 00:00:00-04:00,13.622158620738594,13.660775618502132,13.245643122719558,13.380802154541016,21140400,0,0,PBR
2023-10-05 00:00:00-04:00,13.342184883324608,13.390456359715152,13.168408857301214,13.303567886352539,13356900,0,0,PBR
2023-10-06 00:00:00-04:00,13.197371041996323,13.747663465144525,13.1008280916502,13.602849960327148,27398100,0,0,PBR
2023-10-09 00:00:00-04:00,13.96005764887038,14.317265098307022,13.940748690181024,14.201414108276367,17638900,0,0,PBR
2023-10-10 00:00:00-04:00,14.346227466686619,14.597238402831112,14.278647953379185,14.558621406555176,18924800,0,0,PBR
2023-10-11 00:00:00-04:00,14.539313802619512,14.616547797476038,14.278648379452354,14.548967361450195,14184200,0,0,PBR
2023-10-12 00:00:00-04:00,14.635856169656018,14.771016124088607,14.404154179801749,14.500697135925293,19855700,0,0,PBR
2023-10-13 00:00:00-04:00,14.886866621570592,15.041334609645219,14.838595145121813,14.906174659729004,25399400,0,0,PBR
2023-10-16 00:00:00-04:00,14.935137895830902,15.292345343593142,14.79997794774445,15.244073867797852,22530500,0,0,PBR
2023-10-17 00:00:00-04:00,15.224765684024973,15.659206199914545,15.215111204818054,15.60128116607666,22529100,0,0,PBR
2023-10-18 00:00:00-04:00,15.73644050890483,15.977796969724865,15.697824432703529,15.948835372924805,29855100,0,0,PBR
2023-10-19 00:00:00-04:00,15.70747931478716,15.890908903902213,15.62059083935215,15.794367790222168,20131300,0,0,PBR
2023-10-20 00:00:00-04:00,15.70747922282923,15.832983774720761,15.446813798050245,15.649552345275879,18682000,0,0,PBR
2023-10-23 00:00:00-04:00,15.18614831621765,15.282691270373498,14.722744345954018,14.819287300109863,36776700,0,0,PBR
2023-10-24 00:00:00-04:00,14.896521026430703,15.128223007382774,14.780670035954667,15.012372016906738,20066800,0,0,PBR
2023-10-25 00:00:00-04:00,15.089605712978345,15.176494184297319,14.915828770340397,15.060643196105957,12797300,0,0,PBR
2023-10-26 00:00:00-04:00,14.819287191382479,14.983409659822163,14.684127240696315,14.925483703613281,14446700,0,0,PBR
2023-10-27 00:00:00-04:00,15.417851133739847,15.514393166640868,14.732398741124687,14.799978256225586,17764600,0,0,PBR
2023-10-30 00:00:00-04:00,14.935138396356752,15.041334910103933,14.481387981797253,14.587584495544434,20249200,0,0,PBR
2023-10-31 00:00:00-04:00,14.471733612344542,14.616548045686068,14.28830310162084,14.481388092041016,17683100,0,0,PBR
2023-11-01 00:00:00-04:00,14.626201308021171,14.935138207129222,14.568276272420928,14.799978256225586,16234500,0,0,PBR
2023-11-02 00:00:00-04:00,14.915829042351929,15.205456978463017,14.761361055279835,15.137877464294434,12139100,0,0,PBR
2023-11-03 00:00:00-04:00,15.147531022960068,15.321307968767089,15.002717515255437,15.137877464294434,13854000,0,0,PBR
2023-11-06 00:00:00-05:00,15.35992554440055,15.437159540847295,15.157186073552381,15.166840553283691,13426300,0,0,PBR
2023-11-07 00:00:00-05:00,15.118569077945695,15.118569077945695,14.79032413263929,14.89652156829834,19535200,0,0,PBR
2023-11-08 00:00:00-05:00,14.722744421594935,14.81928737624679,14.336574444391218,14.442770957946777,19372100,0,0,PBR
2023-11-09 00:00:00-05:00,14.684127288354345,14.915829272538192,14.548967337229513,14.67447280883789,20897200,0,0,PBR
2023-11-10 00:00:00-05:00,14.780669857573237,14.82894041249599,14.616547392870785,14.703434944152832,13551600,0,0,PBR
2023-11-13 00:00:00-05:00,14.742053415102509,15.06064387721222,14.684127458036267,14.983409881591797,11697400,0,0,PBR
2023-11-14 00:00:00-05:00,15.253728484434879,15.369579474965555,15.137877493904202,15.28269100189209,15488600,0,0,PBR
2023-11-15 00:00:00-05:00,15.359925295056916,15.38888781307882,15.137877789052578,15.234419822692871,9840100,0,0,PBR
2023-11-16 00:00:00-05:00,15.330962470891293,15.417850943923778,14.915829064492462,15.012372016906738,21360700,0,0,PBR
2023-11-17 00:00:00-05:00,15.157185810879596,15.707479176903437,15.1475313313156,15.485431671142578,20559000,0,0,PBR
2023-11-20 00:00:00-05:00,15.639899850852776,15.813674960899114,15.340617425655669,15.543356895446777,29329300,0,0,PBR
2023-11-21 00:00:00-05:00,15.398542078071326,15.466122513449816,15.166840095721222,15.302000045776367,19819100,0,0,PBR
2023-11-22 00:00:00-05:00,15.170000076293945,15.319999694824219,14.970000267028809,15.300000190734863,22134400,0,0,PBR
2023-11-24 00:00:00-05:00,15.359999656677246,15.739999771118164,15.289999961853027,15.329999923706055,15477300,0,0,PBR
2023-11-27 00:00:00-05:00,15.399999618530273,15.4399995803833,15.100000381469727,15.239999771118164,13847000,0,0,PBR
2023-11-28 00:00:00-05:00,15.380000114440918,15.609999656677246,15.380000114440918,15.489999771118164,17698200,0,0,PBR
2023-11-29 00:00:00-05:00,15.4399995803833,15.470000267028809,15.15999984741211,15.220000267028809,13779600,0,0,PBR
2023-11-30 00:00:00-05:00,15.390000343322754,15.449999809265137,15.039999961853027,15.270000457763672,22230200,0,0,PBR
2023-12-01 00:00:00-05:00,15.220000267028809,15.4399995803833,15.119999885559082,15.210000038146973,9950000,0,0,PBR
2023-12-04 00:00:00-05:00,15.039999961853027,15.119999885559082,14.680000305175781,14.760000228881836,18747000,0,0,PBR
2023-12-05 00:00:00-05:00,14.75,14.779999732971191,14.539999961853027,14.649999618530273,18861500,0,0,PBR
2023-12-06 00:00:00-05:00,14.670000076293945,14.729999542236328,14.380000114440918,14.420000076293945,19244200,0,0,PBR
2023-12-07 00:00:00-05:00,14.5,14.710000038146973,14.300000190734863,14.399999618530273,19915700,0,0,PBR
2023-12-08 00:00:00-05:00,14.449999809265137,14.920000076293945,14.430000305175781,14.880000114440918,19767900,0,0,PBR
2023-12-11 00:00:00-05:00,14.800000190734863,14.869999885559082,14.720000267028809,14.75,8709300,0,0,PBR
2023-12-12 00:00:00-05:00,14.649999618530273,14.65999984741211,14.359999656677246,14.5,9741500,0,0,PBR
2023-12-13 00:00:00-05:00,14.630000114440918,14.760000228881836,14.430000305175781,14.75,19312300,0,0,PBR
2023-12-14 00:00:00-05:00,15.0,15.270000457763672,14.930000305175781,15.180000305175781,23450000,0,0,PBR
2023-12-15 00:00:00-05:00,15.329999923706055,15.34000015258789,14.899999618530273,14.949999809265137,13811300,0,0,PBR
2023-12-18 00:00:00-05:00,15.289999961853027,15.489999771118164,15.270000457763672,15.350000381469727,18857300,0,0,PBR
2023-12-19 00:00:00-05:00,15.550000190734863,15.630000114440918,15.380000114440918,15.630000114440918,14042600,0,0,PBR
2023-12-20 00:00:00-05:00,15.630000114440918,15.770000457763672,15.479999542236328,15.479999542236328,17544600,0,0,PBR
2023-12-21 00:00:00-05:00,15.59000015258789,15.75,15.460000038146973,15.5600004196167,12495200,0,0,PBR
2023-12-22 00:00:00-05:00,15.729999542236328,15.899999618530273,15.6899995803833,15.779999732971191,10377200,0,0,PBR
2023-12-26 00:00:00-05:00,16.06999969482422,16.260000228881836,16.0,16.190000534057617,10112200,0,0,PBR
2023-12-27 00:00:00-05:00,16.209999084472656,16.25,16.110000610351562,16.18000030517578,7815400,0,0,PBR
2023-12-28 00:00:00-05:00,16.030000686645508,16.149999618530273,16.020000457763672,16.030000686645508,10931900,0,0,PBR
2023-12-29 00:00:00-05:00,16.059999465942383,16.100000381469727,15.90999984741211,15.970000267028809,4977100,0,0,PBR
2024-01-02 00:00:00-05:00,16.09000015258789,16.219999313354492,15.920000076293945,16.0,10100000,0,0,PBR
2024-01-03 00:00:00-05:00,16.040000915527344,16.639999389648438,16.0,16.579999923706055,18366800,0,0,PBR
2024-01-04 00:00:00-05:00,16.540000915527344,16.790000915527344,16.350000381469727,16.350000381469727,13954700,0,0,PBR
2024-01-05 00:00:00-05:00,16.56999969482422,16.649999618530273,16.3700008392334,16.540000915527344,9872000,0,0,PBR
2024-01-08 00:00:00-05:00,16.229999542236328,16.280000686645508,15.970000267028809,16.280000686645508,14011800,0,0,PBR
2024-01-09 00:00:00-05:00,16.280000686645508,16.290000915527344,15.979999542236328,15.989999771118164,12193300,0,0,PBR
2024-01-10 00:00:00-05:00,16.1200008392334,16.139999389648438,15.850000381469727,15.9399995803833,14768500,0,0,PBR
2024-01-11 00:00:00-05:00,16.100000381469727,16.270000457763672,15.9399995803833,16.25,14558100,0,0,PBR
2024-01-12 00:00:00-05:00,16.420000076293945,16.540000915527344,16.290000915527344,16.34000015258789,10013500,0,0,PBR
2024-01-16 00:00:00-05:00,16.299999237060547,16.34000015258789,16.049999237060547,16.079999923706055,11735500,0,0,PBR
2024-01-17 00:00:00-05:00,15.920000076293945,16.0,15.829999923706055,15.899999618530273,12433800,0,0,PBR
2024-01-18 00:00:00-05:00,15.899999618530273,15.920000076293945,15.65999984741211,15.819999694824219,10469000,0,0,PBR
2024-01-19 00:00:00-05:00,15.829999923706055,15.850000381469727,15.640000343322754,15.739999771118164,8865900,0,0,PBR
2024-01-22 00:00:00-05:00,15.75,15.760000228881836,15.579999923706055,15.65999984741211,9107000,0,0,PBR
2024-01-23 00:00:00-05:00,15.6899995803833,16.040000915527344,15.579999923706055,15.9399995803833,14224000,0,0,PBR
2024-01-24 00:00:00-05:00,16.18000030517578,16.25,15.829999923706055,15.890000343322754,16737800,0,0,PBR
2024-01-25 00:00:00-05:00,16.170000076293945,16.729999542236328,16.09000015258789,16.670000076293945,20257200,0,0,PBR
2024-01-26 00:00:00-05:00,16.719999313354492,17.209999084472656,16.649999618530273,17.049999237060547,17252800,0,0,PBR
2024-01-29 00:00:00-05:00,17.0,17.219999313354492,16.860000610351562,17.15999984741211,12986800,0,0,PBR
2024-01-30 00:00:00-05:00,17.09000015258789,17.209999084472656,16.959999084472656,17.040000915527344,10986100,0,0,PBR
2024-01-31 00:00:00-05:00,17.110000610351562,17.389999389648438,16.969999313354492,17.06999969482422,22212100,0,0,PBR
2024-02-01 00:00:00-05:00,17.440000534057617,17.760000228881836,17.18000030517578,17.489999771118164,23719200,0,0,PBR
2024-02-02 00:00:00-05:00,17.34000015258789,17.420000076293945,16.989999771118164,17.010000228881836,16524000,0,0,PBR
2024-02-05 00:00:00-05:00,17.010000228881836,17.1299991607666,16.739999771118164,16.920000076293945,22361000,0,0,PBR
2024-02-06 00:00:00-05:00,17.239999771118164,17.469999313354492,17.110000610351562,17.229999542236328,15849500,0,0,PBR
2024-02-07 00:00:00-05:00,17.389999389648438,17.43000030517578,17.18000030517578,17.389999389648438,10846300,0,0,PBR
2024-02-08 00:00:00-05:00,17.3799991607666,17.489999771118164,17.200000762939453,17.239999771118164,9196200,0,0,PBR
2024-02-09 00:00:00-05:00,17.34000015258789,17.399999618530273,17.1299991607666,17.190000534057617,14156200,0,0,PBR
2024-02-12 00:00:00-05:00,17.209999084472656,17.56999969482422,17.209999084472656,17.270000457763672,9160900,0,0,PBR
2024-02-13 00:00:00-05:00,17.190000534057617,17.219999313354492,16.850000381469727,16.959999084472656,13025500,0,0,PBR
2024-02-14 00:00:00-05:00,17.030000686645508,17.290000915527344,16.889999389648438,16.920000076293945,15286500,0,0,PBR
2024-02-15 00:00:00-05:00,16.93000030517578,17.459999084472656,16.90999984741211,17.399999618530273,13493900,0,0,PBR
2024-02-16 00:00:00-05:00,17.540000915527344,17.799999237060547,17.510000228881836,17.700000762939453,17088700,0,0,PBR
2024-02-20 00:00:00-05:00,17.84000015258789,17.90999984741211,17.540000915527344,17.639999389648438,21850500,0,0,PBR
2024-02-21 00:00:00-05:00,17.700000762939453,17.829999923706055,17.559999465942383,17.639999389648438,15523500,0,0,PBR
2024-02-22 00:00:00-05:00,17.649999618530273,17.649999618530273,17.350000381469727,17.579999923706055,19237800,0,0,PBR
2024-02-23 00:00:00-05:00,17.389999389648438,17.520000457763672,17.200000762939453,17.360000610351562,18771400,0,0,PBR
2024-02-26 00:00:00-05:00,17.56999969482422,17.75,17.43000030517578,17.649999618530273,14817200,0,0,PBR
2024-02-27 00:00:00-05:00,17.760000228881836,17.90999984741211,17.579999923706055,17.700000762939453,16694500,0,0,PBR
2024-02-28 00:00:00-05:00,17.719999313354492,17.829999923706055,16.559999465942383,16.719999313354492,40559700,0,0,PBR
2024-02-29 00:00:00-05:00,16.829999923706055,16.850000381469727,16.34000015258789,16.520000457763672,26290900,0,0,PBR
2024-03-01 00:00:00-05:00,16.790000915527344,16.899999618530273,16.649999618530273,16.68000030517578,18366500,0,0,PBR
2024-03-04 00:00:00-05:00,16.739999771118164,16.809999465942383,16.5,16.530000686645508,15334100,0,0,PBR
2024-03-05 00:00:00-05:00,16.510000228881836,16.6200008392334,16.290000915527344,16.3700008392334,17226600,0,0,PBR
2024-03-06 00:00:00-05:00,16.600000381469727,16.760000228881836,16.59000015258789,16.690000534057617,13903900,0,0,PBR
2024-03-07 00:00:00-05:00,16.690000534057617,16.889999389648438,16.6299991607666,16.700000762939453,18059500,0,0,PBR
2024-03-08 00:00:00-05:00,14.59000015258789,15.239999771118164,14.319999694824219,14.779999732971191,103122700,0,0,PBR
2024-03-11 00:00:00-04:00,14.600000381469727,15.270000457763672,14.489999771118164,14.5600004196167,40707200,0,0,PBR
2024-03-12 00:00:00-04:00,14.850000381469727,15.140000343322754,14.699999809265137,15.039999961853027,29455900,0,0,PBR
2024-03-13 00:00:00-04:00,15.09000015258789,15.149999618530273,14.789999961853027,14.8100004196167,24154200,0,0,PBR
2024-03-14 00:00:00-04:00,15.0,15.020000457763672,14.619999885559082,14.720000267028809,26314000,0,0,PBR
2024-03-15 00:00:00-04:00,14.699999809265137,14.739999771118164,14.520000457763672,14.539999961853027,20566600,0,0,PBR
2024-03-18 00:00:00-04:00,14.75,14.75,14.210000038146973,14.59000015258789,23883800,0,0,PBR
2024-03-19 00:00:00-04:00,14.59000015258789,14.90999984741211,14.390000343322754,14.529999732971191,24588200,0,0,PBR
2024-03-20 00:00:00-04:00,14.5,15.0,14.40999984741211,14.930000305175781,22177200,0,0,PBR
2024-03-21 00:00:00-04:00,15.020000457763672,15.029999732971191,14.59000015258789,14.630000114440918,23436400,0,0,PBR
2024-03-22 00:00:00-04:00,14.609999656677246,14.779999732971191,14.489999771118164,14.6899995803833,13791200,0,0,PBR
2024-03-25 00:00:00-04:00,14.859999656677246,15.050000190734863,14.850000381469727,14.9399995803833,14868800,0,0,PBR
2024-03-26 00:00:00-04:00,14.899999618530273,14.9399995803833,14.729999542236328,14.739999771118164,13337400,0,0,PBR
2024-03-27 00:00:00-04:00,14.729999542236328,14.960000038146973,14.649999618530273,14.930000305175781,14331200,0,0,PBR
2024-03-28 00:00:00-04:00,14.9399995803833,15.25,14.869999885559082,15.210000038146973,27590300,0,0,PBR
2024-04-01 00:00:00-04:00,15.220000267028809,15.260000228881836,15.050000190734863,15.220000267028809,15177000,0,0,PBR
2024-04-02 00:00:00-04:00,15.390000343322754,15.65999984741211,15.369999885559082,15.630000114440918,20988900,0,0,PBR
2024-04-03 00:00:00-04:00,15.5600004196167,15.680000305175781,15.390000343322754,15.59000015258789,15800800,0,0,PBR
2024-04-04 00:00:00-04:00,15.819999694824219,16.270000457763672,15.350000381469727,15.520000457763672,62785600,0,0,PBR
2024-04-05 00:00:00-04:00,15.15999984741211,15.579999923706055,15.130000114440918,15.489999771118164,23336600,0,0,PBR
2024-04-08 00:00:00-04:00,15.40999984741211,15.760000228881836,15.260000228881836,15.640000343322754,17792700,0,0,PBR
2024-04-09 00:00:00-04:00,15.899999618530273,15.949999809265137,15.600000381469727,15.880000114440918,16402300,0,0,PBR
2024-04-10 00:00:00-04:00,15.800000190734863,16.170000076293945,15.729999542236328,16.15999984741211,22557200,0,0,PBR
2024-04-11 00:00:00-04:00,16.110000610351562,16.149999618530273,15.9399995803833,16.0,14406400,0,0,PBR
2024-04-12 00:00:00-04:00,16.079999923706055,16.1200008392334,15.550000190734863,15.720000267028809,24033600,0,0,PBR
2023-04-12 00:00:00-03:00,37.648107689942314,40.646045975315914,37.6011151733954,40.14795684814453,63971600,0,0,BBAS3
2023-04-13 00:00:00-03:00,40.07278058275645,40.7776254670733,39.84723222738988,40.12916946411133,18396800,0,0,BBAS3
2023-04-14 00:00:00-03:00,40.0539823358999,40.87160494305843,39.612282001083756,40.815216064453125,21129000,0,0,BBAS3
2023-04-17 00:00:00-03:00,40.75882438400713,41.11594675390548,40.4298982439863,40.9091911315918,12049000,0,0,BBAS3
2023-04-18 00:00:00-03:00,40.92799755540301,41.04077174775365,40.439304608514306,40.9843864440918,8675300,0,0,BBAS3
2023-04-19 00:00:00-03:00,40.77762203616926,40.89979614297891,40.260736548164694,40.50508117675781,10504800,0,0,BBAS3
2023-04-20 00:00:00-03:00,40.39231445987326,40.974985285564294,40.13856984585616,40.890403747558594,10363100,0,0,BBAS3
2023-04-24 00:00:00-03:00,40.80582046508789,41.38849485089619,40.45809797260832,40.80582046508789,10259800,0,0,BBAS3
2023-04-25 00:00:00-03:00,40.4111086430558,40.72124212787344,40.157364042303186,40.42990493774414,11845600,0,0,BBAS3
2023-04-26 00:00:00-03:00,40.65544931320898,40.65544931320898,39.96000440313856,40.10097122192383,11816500,0,0,BBAS3
2023-04-27 00:00:00-03:00,40.100964331597616,40.59905704379467,39.95999753703389,40.14795684814453,6186400,0,0,BBAS3
2023-04-28 00:00:00-03:00,40.420504030175415,40.69304491909144,39.80024066041658,40.279537200927734,10398000,0,0,BBAS3
2023-05-02 00:00:00-03:00,40.1855576199154,40.1855576199154,39.208175368735425,39.32094955444336,12619600,0,0,BBAS3
2023-05-03 00:00:00-03:00,39.52770219236337,39.58408748839117,39.05780560532398,39.19877243041992,5630900,0,0,BBAS3
2023-05-04 00:00:00-03:00,39.47131316927904,39.89422081309804,39.039009171164714,39.64047622680664,7376000,0,0,BBAS3
2023-05-05 00:00:00-03:00,39.649871294973806,40.702442193231235,39.649871294973806,40.646053314208984,7191100,0,0,BBAS3
2023-05-08 00:00:00-03:00,40.824612495217075,41.14414230452929,40.37351222060447,40.486289978027344,8097600,0,0,BBAS3
2023-05-09 00:00:00-03:00,40.401713073505796,40.79642451455293,40.10097593767364,40.36412048339844,10115800,0,0,BBAS3
2023-05-10 00:00:00-03:00,40.41111075554418,40.974985285564294,40.03519201217954,40.890403747558594,10522200,0,0,BBAS3
2023-05-11 00:00:00-03:00,40.80582135593972,41.933573977415435,40.47689515114657,41.72682189941406,13579900,0,0,BBAS3
2023-05-12 00:00:00-03:00,41.39789167782678,41.99935878033357,41.25692484225428,41.567054748535156,12208700,0,0,BBAS3
2023-05-15 00:00:00-03:00,41.8113968201474,42.1497193265358,41.3790892672142,41.764404296875,8632500,0,0,BBAS3
2023-05-16 00:00:00-03:00,41.76440405191124,42.046344849787175,40.34531804905259,40.56147003173828,21607700,0,0,BBAS3
2023-05-17 00:00:00-03:00,40.64605841084281,41.2099329316646,40.34532485506762,40.627262115478516,17523100,0,0,BBAS3
2023-05-18 00:00:00-03:00,40.505082409413475,40.71183804491778,40.22314518783341,40.599063873291016,11712000,0,0,BBAS3
2023-05-19 00:00:00-03:00,40.73063288594138,41.46367035292732,40.40170673665953,41.38848876953125,33966000,0,0,BBAS3
2023-05-22 00:00:00-03:00,41.397892474628854,41.92417799196529,40.82461801119717,40.843414306640625,8075400,0,0,BBAS3
2023-05-23 00:00:00-03:00,40.862201276204985,41.94296471486968,40.73063082315557,41.80199432373047,12911200,0,0,BBAS3
2023-05-24 00:00:00-03:00,41.801997338955765,42.271893896612674,41.50126382885744,41.924171447753906,10921400,0,0,BBAS3
2023-05-25 00:00:00-03:00,42.29069069510259,42.66660937973623,41.971160888671875,41.971160888671875,11695400,0,0,BBAS3
2023-05-26 00:00:00-03:00,42.52564473106987,42.59142997202849,41.49187358598274,41.72682189941406,9590300,0,0,BBAS3
2023-05-29 00:00:00-03:00,41.87718616106564,41.87718616106564,41.360297034544615,41.651634216308594,3307900,0,0,BBAS3
2023-05-30 00:00:00-03:00,42.10273261167987,42.159121491568854,41.54825450703051,42.00875473022461,18427000,0,0,BBAS3
2023-05-31 00:00:00-03:00,42.0463486251035,42.422263747647655,41.83959297743699,41.933570861816406,17425400,0,0,BBAS3
2023-06-01 00:00:00-03:00,42.09333751390746,42.3188858701426,41.595244689254095,42.046348571777344,10196900,0,0,BBAS3
2023-06-02 00:00:00-03:00,42.67049789428711,42.67049789428711,42.67049789428711,42.67049789428711,0,0,0,BBAS3
2023-06-05 00:00:00-03:00,42.536967714373844,43.195053198165226,42.10778595845851,42.93754196166992,13667000,0,0,BBAS3
2023-06-06 00:00:00-03:00,42.94707563682442,44.02480698609441,42.88031387200838,43.43348693847656,11466100,0,0,BBAS3
2023-06-07 00:00:00-03:00,43.61469875500839,43.767297600746,43.41441345214844,43.41441345214844,11111000,0,0,BBAS3
2023-06-09 00:00:00-03:00,43.624239395334534,45.5317268371582,43.624239395334534,45.5317268371582,18466100,0,0,BBAS3
2023-06-12 00:00:00-03:00,45.84646274130937,47.43921672939033,45.75108981958925,47.181705474853516,38557800,0,0,BBAS3
2023-06-13 00:00:00-03:00,47.228403222395364,47.52610289231065,46.469751706472934,46.69062423706055,13266100,0,0,BBAS3
2023-06-14 00:00:00-03:00,46.863484073660906,47.05554826864588,46.19126122287343,46.921104431152344,13041900,0,0,BBAS3
2023-06-15 00:00:00-03:00,46.95952016774948,48.24634557115845,46.76745596390993,47.88142395019531,20965400,0,0,BBAS3
2023-06-16 00:00:00-03:00,47.86221355729366,47.92943547407466,47.2956262134826,47.52610397338867,15196900,0,0,BBAS3
2023-06-19 00:00:00-03:00,47.60292880192038,48.46721584694343,47.554913669045725,48.40959548950195,5893600,0,0,BBAS3
2023-06-20 00:00:00-03:00,48.294358406237585,48.457610590568216,47.967850374256514,48.399993896484375,8570500,0,0,BBAS3
2023-06-21 00:00:00-03:00,48.20792639515662,49.92689514160156,48.150306041705214,49.92689514160156,13706500,0,0,BBAS3
2023-06-22 00:00:00-03:00,49.590787362776396,49.802058352017085,48.64967679947143,48.9761848449707,9000400,0,0,BBAS3
2023-06-23 00:00:00-03:00,49.081816732678334,49.11062507879593,48.55364296171087,48.99538803100586,6741900,0,0,BBAS3
2023-06-26 00:00:00-03:00,48.72650149803145,49.350705546117844,48.448008601353635,49.110626220703125,8424200,0,0,BBAS3
2023-06-27 00:00:00-03:00,49.13943296503228,49.43713263763353,47.89102124625096,48.20792770385742,12889500,0,0,BBAS3
2023-06-28 00:00:00-03:00,48.12150059909298,48.20792930282327,47.276420347432364,47.622135162353516,7762100,0,0,BBAS3
2023-06-29 00:00:00-03:00,47.59332748715386,48.20792998309995,47.26681945326751,48.063880920410156,8282600,0,0,BBAS3
2023-06-30 00:00:00-03:00,48.399991642868805,48.78411635104798,46.988324090428236,47.439674377441406,14004500,0,0,BBAS3
2023-07-03 00:00:00-03:00,47.593327029294805,48.4960239786165,47.55491345783776,48.39038848876953,13015600,0,0,BBAS3
2023-07-04 00:00:00-03:00,48.39038533141137,48.44800568483735,47.85261001938055,48.08308410644531,3786400,0,0,BBAS3
2023-07-05 00:00:00-03:00,48.01585898597006,48.02546054590675,47.439670143466145,47.766178131103516,5666200,0,0,BBAS3
2023-07-06 00:00:00-03:00,47.56451281575283,47.6125316095097,46.70983103868321,47.065147399902344,9558000,0,0,BBAS3
2023-07-07 00:00:00-03:00,47.09396116877778,48.32316613784221,47.09396116877778,47.97745132446289,11539600,0,0,BBAS3
2023-07-10 00:00:00-03:00,48.00625805907994,48.06387474609852,46.85387669555663,47.093955993652344,8903000,0,0,BBAS3
2023-07-11 00:00:00-03:00,47.055543065241025,47.07474984894762,45.97998882090781,46.42173385620117,12336800,0,0,BBAS3
2023-07-12 00:00:00-03:00,46.997922634142434,46.997922634142434,45.480623357097926,45.67268753051758,12229100,0,0,BBAS3
2023-07-13 00:00:00-03:00,45.96078629937827,46.460151732100094,45.70150019027349,46.10483169555664,7034200,0,0,BBAS3
2023-07-14 00:00:00-03:00,46.056813404553296,46.77705132600477,45.52863966148612,45.79752731323242,13105800,0,0,BBAS3
2023-07-17 00:00:00-03:00,45.90316322208685,46.27768635859909,45.57665521478806,46.200862884521484,5387000,0,0,BBAS3
2023-07-18 00:00:00-03:00,46.191263036073224,46.527376306320726,45.941582137115624,46.35451889038086,4530300,0,0,BBAS3
2023-07-19 00:00:00-03:00,46.47935665843935,46.47935665843935,45.44221226350543,45.547847747802734,8105400,0,0,BBAS3
2023-07-20 00:00:00-03:00,45.67269135336604,46.14324477114459,45.519040734433496,46.04721450805664,6753800,0,0,BBAS3
2023-07-21 00:00:00-03:00,46.047216282791354,46.91149967385292,46.047216282791354,46.59459686279297,10132200,0,0,BBAS3
2023-07-24 00:00:00-03:00,46.325707423881184,46.9114978903355,45.307769783346,45.68229293823242,17870500,0,0,BBAS3
2023-07-25 00:00:00-03:00,46.344908030923484,46.344908030923484,45.42300436687374,45.44221115112305,10766700,0,0,BBAS3
2023-07-26 00:00:00-03:00,45.5286400594161,45.903163195713155,45.202132052304904,45.82633972167969,12383500,0,0,BBAS3
2023-07-27 00:00:00-03:00,45.826345402075944,45.864755312194006,44.798806124188054,44.88523483276367,11750700,0,0,BBAS3
2023-07-28 00:00:00-03:00,45.25975556673625,45.682293861733676,45.0004694550379,45.40380096435547,7276100,0,0,BBAS3
2023-07-31 00:00:00-03:00,45.711099747324795,46.40252934129106,45.59586270277028,46.277687072753906,10389900,0,0,BBAS3
2023-08-01 00:00:00-03:00,46.01840046340999,46.124035946127066,45.077290006151756,45.48062515258789,12680100,0,0,BBAS3
2023-08-02 00:00:00-03:00,45.384593261192585,45.86475190352281,45.2309426421797,45.68229293823242,5602000,0,0,BBAS3
2023-08-03 00:00:00-03:00,45.99920026684854,46.076023746141914,45.461421258515806,45.75912094116211,8376300,0,0,BBAS3
2023-08-04 00:00:00-03:00,45.615069413806594,46.0568144699857,45.18292591827503,45.519039154052734,11489500,0,0,BBAS3
2023-08-07 00:00:00-03:00,45.73030558822365,46.0952271623215,45.32697410894671,45.44221115112305,5728200,0,0,BBAS3
2023-08-08 00:00:00-03:00,45.35578307800377,45.5094336907938,44.52030809991547,45.125308990478516,11888100,0,0,BBAS3
2023-08-09 00:00:00-03:00,45.13490787624381,45.27895691989998,44.66435084184373,44.8756217956543,7657700,0,0,BBAS3
2023-08-10 00:00:00-03:00,45.23094059350736,45.42300477440412,44.875624240006076,45.106101989746094,12489000,0,0,BBAS3
2023-08-11 00:00:00-03:00,45.30776889519835,45.76872074320117,45.17332506411248,45.595863342285156,8645400,0,0,BBAS3
2023-08-14 00:00:00-03:00,45.79752432776219,45.79752432776219,45.07728645326192,45.144508361816406,6574200,0,0,BBAS3
2023-08-15 00:00:00-03:00,45.26935579463145,45.461419982453485,44.827610726964565,44.90443420410156,8725900,0,0,BBAS3
2023-08-16 00:00:00-03:00,44.95245697839931,45.835947191952634,44.95245697839931,45.28856658935547,11500000,0,0,BBAS3
2023-08-17 00:00:00-03:00,45.624672829362275,45.80713545896021,45.30777002863492,45.71110153198242,9183800,0,0,BBAS3
2023-08-18 00:00:00-03:00,45.69189657332671,46.21046510488402,45.4518172605118,45.89356231689453,10320100,0,0,BBAS3
2023-08-21 00:00:00-03:00,46.09522628517129,46.143241413221126,45.43260872611696,45.73030471801758,7872500,0,0,BBAS3
2023-08-22 00:00:00-03:00,45.97272285120028,46.82984243932086,45.85584408957301,46.72270202636719,7857600,0,0,BBAS3
2023-08-23 00:00:00-03:00,46.85906268964491,47.219441050158984,46.39154391277311,46.927242279052734,7767600,0,0,BBAS3
2023-08-24 00:00:00-03:00,46.84931987874087,46.84931987874087,46.099344407203525,46.313621520996094,6387600,0,0,BBAS3
2023-08-25 00:00:00-03:00,46.372062684226705,46.4597226855687,45.20326390483645,45.70974349975586,8974100,0,0,BBAS3
2023-08-28 00:00:00-03:00,45.93376201843115,47.23891995551311,45.729223256737654,47.02463912963867,7709200,0,0,BBAS3
2023-08-29 00:00:00-03:00,47.26813631787206,47.95967793477326,47.0733396302467,47.28761672973633,9784800,0,0,BBAS3
2023-08-30 00:00:00-03:00,47.43371664899468,47.60903663541526,46.5571167168918,46.60581588745117,5755400,0,0,BBAS3
2023-08-31 00:00:00-03:00,46.703221254802514,46.73244001610771,45.797402499253536,45.87532043457031,13203600,0,0,BBAS3
2023-09-01 00:00:00-03:00,46.00193812512211,46.459718503760094,45.96297730236386,46.18699645996094,5537000,0,0,BBAS3
2023-09-04 00:00:00-03:00,46.26492418581796,46.459724609702164,45.95324499380686,46.0409049987793,3632300,0,0,BBAS3
2023-09-05 00:00:00-03:00,46.11882002013705,46.557120017258946,45.78766043514593,45.87532043457031,7644100,0,0,BBAS3
2023-09-06 00:00:00-03:00,45.99219838614684,46.21621753696842,45.55389843214441,45.563636779785156,7091800,0,0,BBAS3
2023-09-08 00:00:00-03:00,45.63181917869238,45.797400822881386,45.096120853156066,45.42728042602539,7742600,0,0,BBAS3
2023-09-11 00:00:00-03:00,45.85584581337479,46.30388417937923,45.62208456582392,46.14804458618164,7199900,0,0,BBAS3
2023-09-12 00:00:00-03:00,46.28948314859001,46.71127786059615,46.19139292147791,46.39738464355469,7685200,0,0,BBAS3
2023-09-13 00:00:00-03:00,46.44642936790249,46.985936838204985,46.23063012168377,46.35814666748047,7362800,0,0,BBAS3
2023-09-14 00:00:00-03:00,46.583762153155064,47.00555313085943,46.28948398271138,46.48566818237305,7284900,0,0,BBAS3
2023-09-15 00:00:00-03:00,46.51509217259777,46.78975153512666,46.21101023316168,46.64261245727539,10803000,0,0,BBAS3
2023-09-18 00:00:00-03:00,46.73089326827738,47.19192553448287,46.44642639160156,46.44642639160156,10100400,0,0,BBAS3
2023-09-19 00:00:00-03:00,46.44643338293399,46.85842060115147,46.17177773205741,46.377769470214844,7639100,0,0,BBAS3
2023-09-20 00:00:00-03:00,46.41700714666483,47.329260550936645,46.36796202918946,46.789756774902344,7380300,0,0,BBAS3
2023-09-21 00:00:00-03:00,46.41700858518481,46.48567250015883,45.583230336555864,45.720558166503906,8316800,0,0,BBAS3
2023-09-22 00:00:00-03:00,45.86769039955531,46.23063248758773,45.71074378431783,45.79902648925781,5361400,0,0,BBAS3
2023-09-25 00:00:00-03:00,45.73036006654689,45.877499147330575,45.288946566098105,45.534175872802734,9127000,0,0,BBAS3
2023-09-26 00:00:00-03:00,45.15162026489914,45.337996939052715,44.70039922351053,44.88677215576172,11795000,0,0,BBAS3
2023-09-27 00:00:00-03:00,45.269332946270715,45.62246001589663,44.74944425511967,45.27914047241211,11054500,0,0,BBAS3
2023-09-28 00:00:00-03:00,45.40665923922372,46.887842602403545,45.3478028586442,46.73089599609375,11913600,0,0,BBAS3
2023-09-29 00:00:00-03:00,46.92708361069156,46.97612872713235,46.201203164899276,46.27967834472656,5453200,0,0,BBAS3
2023-10-02 00:00:00-03:00,46.26986203013786,46.44642742359062,46.00501768186083,46.15215301513672,4731200,0,0,BBAS3
2023-10-03 00:00:00-03:00,46.18158516728544,46.22081901279498,45.43608597406971,45.56360626220703,6436600,0,0,BBAS3
2023-10-04 00:00:00-03:00,45.71074100880567,46.17177330015465,45.29875757203595,45.906925201416016,8189700,0,0,BBAS3
2023-10-05 00:00:00-03:00,45.88730769287595,46.9270813234944,45.71074228877278,46.044254302978516,7765000,0,0,BBAS3
2023-10-06 00:00:00-03:00,46.044252976798546,48.290554309488506,45.81864246514311,47.91780471801758,20706800,0,0,BBAS3
2023-10-09 00:00:00-03:00,47.61372420351725,47.976662538211876,47.309638508993324,47.66276931762695,9853500,0,0,BBAS3
2023-10-10 00:00:00-03:00,47.72162492140924,48.19246474460771,47.54505951997203,47.584293365478516,9841000,0,0,BBAS3
2023-10-11 00:00:00-03:00,47.59410513796649,48.21208404954974,47.584293870059106,48.035518646240234,8257000,0,0,BBAS3
2023-10-13 00:00:00-03:00,48.15323007621856,48.38865187304007,47.7216278142654,47.88838195800781,10964100,0,0,BBAS3
2023-10-16 00:00:00-03:00,48.418075931199915,49.036054844805186,48.2415105273127,48.85948944091797,7736200,0,0,BBAS3
2023-10-17 00:00:00-03:00,48.65349360364073,49.320517626143584,48.261128952811134,48.41807556152344,8094600,0,0,BBAS3
2023-10-18 00:00:00-03:00,48.12379888295492,48.751585288387496,47.96685228159678,48.18265151977539,11420400,0,0,BBAS3
2023-10-19 00:00:00-03:00,48.182655054303304,49.16357232022423,48.02570844143205,48.55540466308594,8135900,0,0,BBAS3
2023-10-20 00:00:00-03:00,48.42788671017394,49.2518574030269,48.21208744574042,48.398460388183594,9923300,0,0,BBAS3
2023-10-23 00:00:00-03:00,48.33960336396875,48.839873282614015,47.898193572332104,48.329795837402344,7906800,0,0,BBAS3
2023-10-24 00:00:00-03:00,48.555404237332034,48.88891625449688,47.78047870599279,48.104183197021484,8526500,0,0,BBAS3
2023-10-25 00:00:00-03:00,48.14342084594165,48.69273211591434,47.95704417199887,48.113990783691406,6312600,0,0,BBAS3
2023-10-26 00:00:00-03:00,48.202275272401955,49.242048952074825,48.02570985996878,49.11452865600586,9788800,0,0,BBAS3
2023-10-27 00:00:00-03:00,48.94777423335373,49.10472084996731,47.603914852828574,47.8687629699707,10168900,0,0,BBAS3
2023-10-30 00:00:00-03:00,48.06494400203786,48.28074698884349,47.29982976431211,47.535247802734375,9005100,0,0,BBAS3
2023-10-31 00:00:00-03:00,47.55486938497596,47.917807731603446,46.868226539157284,47.42734909057617,7043700,0,0,BBAS3
2023-11-01 00:00:00-03:00,47.437157066704636,47.80990665574909,47.162501444199364,47.47639465332031,10905000,0,0,BBAS3
2023-11-03 00:00:00-03:00,48.01589885377788,49.49708221529083,47.91780488625573,49.143951416015625,12382700,0,0,BBAS3
2023-11-06 00:00:00-03:00,49.330331368035615,49.68346219082418,49.045864456133444,49.48727798461914,6108400,0,0,BBAS3
2023-11-07 00:00:00-03:00,49.487275633952635,50.21315229795856,49.17338241569564,50.0463981628418,14527500,0,0,BBAS3
2023-11-08 00:00:00-03:00,50.10525291645432,50.752658125811614,50.04639653673013,50.683990478515625,9488000,0,0,BBAS3
2023-11-09 00:00:00-03:00,50.02677669473383,50.379907481871584,48.28074529377729,48.565208435058594,31213600,0,0,BBAS3
2023-11-10 00:00:00-03:00,48.82025580594813,49.42842350085735,48.5161700875422,49.281288146972656,8916200,0,0,BBAS3
2023-11-13 00:00:00-03:00,49.14395096563195,49.330327631264836,48.879106610504984,49.094905853271484,4820800,0,0,BBAS3
2023-11-14 00:00:00-03:00,49.222432204086886,49.96792773277124,49.01644046164942,49.3303337097168,18930000,0,0,BBAS3
2023-11-16 00:00:00-03:00,49.34013347160957,49.51669886359788,48.90853125891707,49.32051467895508,17112600,0,0,BBAS3
2023-11-17 00:00:00-03:00,49.32051821888082,49.98754224940001,49.261665578595355,49.693267822265625,12247100,0,0,BBAS3
2023-11-20 00:00:00-03:00,49.967922149847325,50.321052949943436,49.33032819803136,49.95811462402344,7535300,0,0,BBAS3
2023-11-21 00:00:00-03:00,49.95811416772884,50.43876150865677,49.8011675626643,50.31124496459961,10321000,0,0,BBAS3
2023-11-22 00:00:00-03:00,49.733305061941444,50.4802896316783,49.733305061941444,49.97902297973633,8097800,0,0,BBAS3
2023-11-23 00:00:00-03:00,49.9298813765821,50.598234429404535,49.9298813765821,50.146114349365234,4123800,0,0,BBAS3
2023-11-24 00:00:00-03:00,50.1952556126451,50.401657762371265,49.83159414655263,50.08713912963867,4407500,0,0,BBAS3
2023-11-27 00:00:00-03:00,50.27388600217944,51.08966751560279,50.1952544711056,51.01103973388672,11307200,0,0,BBAS3
2023-11-28 00:00:00-03:00,51.079838837878874,51.895620325573105,51.07000802212582,51.748191833496094,9816600,0,0,BBAS3
2023-11-29 00:00:00-03:00,51.86613613840923,52.14133899381235,51.46315892184423,51.826820373535156,10510000,0,0,BBAS3
2023-11-30 00:00:00-03:00,51.826823186579354,53.448562956761144,51.826823186579354,53.34044647216797,17708200,0,0,BBAS3
2023-12-01 00:00:00-03:00,53.41907392231998,53.86136692499613,52.957126785620794,53.44856262207031,9473200,0,0,BBAS3
2023-12-04 00:00:00-03:00,53.36993517419779,53.8712018653904,53.03575862985544,53.24216079711914,6957900,0,0,BBAS3
2023-12-05 00:00:00-03:00,53.232333729355325,53.60582604346928,53.08490146739087,53.24216079711914,5862900,0,0,BBAS3
2023-12-06 00:00:00-03:00,53.448560927076294,53.54684659150615,51.993911347239404,52.10202407836914,8820100,0,0,BBAS3
2023-12-07 00:00:00-03:00,52.09219508108693,52.96695020990985,52.09219508108693,52.94729232788086,5780700,0,0,BBAS3
2023-12-08 00:00:00-03:00,52.976785819985516,53.664793006476316,52.740894963647264,53.517364501953125,10392100,0,0,BBAS3
2023-12-11 00:00:00-03:00,53.51736484374538,53.77290983616574,53.14387254772364,53.50753402709961,5737000,0,0,BBAS3
2023-12-12 00:00:00-03:00,53.21308631639362,53.21308631639362,51.83825065561271,51.927268981933594,12531800,0,0,BBAS3
2023-12-13 00:00:00-03:00,51.89759628914843,52.678975165737825,51.07664910132306,52.40203094482422,18080000,0,0,BBAS3
2023-12-14 00:00:00-03:00,52.91635834834272,52.97570515526721,51.828359966301186,52.74821472167969,18436600,0,0,BBAS3
2023-12-15 00:00:00-03:00,52.66908755460096,54.014251708984375,52.24377818893319,54.014251708984375,18220700,0,0,BBAS3
2023-12-18 00:00:00-03:00,54.073592430089086,54.429665723133226,53.579047028212656,54.05381393432617,7759100,0,0,BBAS3
2023-12-19 00:00:00-03:00,53.974684659093306,54.3208649298922,53.70762969029903,54.25162887573242,7733500,0,0,BBAS3
2023-12-20 00:00:00-03:00,54.25162787881266,54.399993005332696,53.470249028641945,53.61861038208008,7826900,0,0,BBAS3
2023-12-21 00:00:00-03:00,54.20217712902133,54.20217712902133,53.30210461800829,53.6977424621582,10004000,0,0,BBAS3
2023-12-22 00:00:00-03:00,53.90545047658841,54.02414032025737,53.48014111593574,53.84610366821289,7303200,0,0,BBAS3
2023-12-26 00:00:00-03:00,53.84610323785919,54.36043092042345,53.70763112583844,54.34064865112305,3983200,0,0,BBAS3
2023-12-27 00:00:00-03:00,54.20217358107976,54.3703209744157,53.984576176814606,54.26152038574219,3372500,0,0,BBAS3
2023-12-28 00:00:00-03:00,54.261522971634626,54.78573989868164,54.093375570285446,54.78573989868164,5840400,0,0,BBAS3
2024-01-02 00:00:00-03:00,54.51868238251881,54.676936755366164,53.8559933753086,54.1626091003418,8170500,0,0,BBAS3
2024-01-03 00:00:00-03:00,54.08348759903027,54.469232424120996,53.9054509454373,54.21207046508789,8148400,0,0,BBAS3
2024-01-04 00:00:00-03:00,54.152721068672356,54.30108619727137,53.529592810871264,53.63839340209961,8099900,0,0,BBAS3
2024-01-05 00:00:00-03:00,53.58894286681198,54.52857993439847,53.41090621092898,54.281307220458984,8227900,0,0,BBAS3
2024-01-08 00:00:00-03:00,54.4494473754927,54.87475671813757,54.182392408733236,54.74617385864258,9053800,0,0,BBAS3
2024-01-09 00:00:00-03:00,54.48901339887979,54.54836020636118,53.68784847675023,53.92523193359375,7683800,0,0,BBAS3
2024-01-10 00:00:00-03:00,53.57905023560408,54.07359566708538,53.57905023560408,53.83621597290039,4939300,0,0,BBAS3
2024-01-11 00:00:00-03:00,53.80654487068152,54.25163274399242,53.62850821212427,54.202178955078125,6743100,0,0,BBAS3
2024-01-12 00:00:00-03:00,54.202175629874084,54.59781346308127,53.71752324593139,54.51868438720703,5063300,0,0,BBAS3
2024-01-15 00:00:00-03:00,54.498904236047316,55.58690643310547,54.39999666044301,55.58690643310547,8413800,0,0,BBAS3
2024-01-16 00:00:00-03:00,55.34952249146316,55.85396093270351,55.16159659020463,55.2703971862793,8972200,0,0,BBAS3
2024-01-17 00:00:00-03:00,55.20115951916901,55.48799298681123,55.02312287134584,55.37919616699219,9683100,0,0,BBAS3
2024-01-18 00:00:00-03:00,55.438539740421554,55.49788654796753,54.65715708660211,54.73628616333008,7324400,0,0,BBAS3
2024-01-19 00:00:00-03:00,54.92421078950962,55.73526494178615,54.676938090081855,55.30995559692383,12662500,0,0,BBAS3
2024-01-22 00:00:00-03:00,55.45832027817423,55.51766708386737,54.756066723007365,54.943992614746094,6545700,0,0,BBAS3
2024-01-23 00:00:00-03:00,55.20115905211657,55.97264867076814,54.9439933305114,55.923194885253906,10067200,0,0,BBAS3
2024-01-24 00:00:00-03:00,56.06166919852302,56.41774250515906,55.82428573640495,56.03199768066406,6671300,0,0,BBAS3
2024-01-25 00:00:00-03:00,56.13090455517179,56.378177262463296,55.913303365369,55.96276092529297,6005600,0,0,BBAS3
2024-01-26 00:00:00-03:00,56.02210134333584,56.36828538122206,55.93308302194588,56.34850311279297,8196100,0,0,BBAS3
2024-01-29 00:00:00-03:00,56.33861045422645,56.407846507632414,55.44843100768604,55.903411865234375,5632300,0,0,BBAS3
2024-01-30 00:00:00-03:00,55.873742878228384,55.88363212641322,55.33963292227695,55.6165771484375,5929900,0,0,BBAS3
2024-01-31 00:00:00-03:00,55.78472132563533,56.21991990915595,55.50777334241141,55.83417510986328,6556000,0,0,BBAS3
2024-02-01 00:00:00-03:00,55.83417558851619,57.110103607177734,55.685810461478546,57.110103607177734,11324300,0,0,BBAS3
2024-02-02 00:00:00-03:00,57.070542132316916,57.23868576377146,56.51664990448374,57.09032440185547,7484500,0,0,BBAS3
2024-02-05 00:00:00-03:00,57.10021385815125,57.70355987548828,56.724358281713364,57.70355987548828,7574400,0,0,BBAS3
2024-02-06 00:00:00-03:00,57.7826825850547,59.07839288822788,57.76290408941471,58.94981002807617,8289000,0,0,BBAS3
2024-02-07 00:00:00-03:00,58.92014017579539,59.147630612900606,58.029956923573174,58.79155731201172,8176500,0,0,BBAS3
2024-02-08 00:00:00-03:00,58.81134039256513,59.078395371915676,57.62443063092338,57.9013786315918,10599600,0,0,BBAS3
2024-02-09 00:00:00-03:00,57.86181416454021,57.940943242853194,54.69672272058142,56.941959381103516,24066000,0,0,BBAS3
2024-02-14 00:00:00-03:00,56.734249776456224,57.7431228609593,56.45730555552355,57.71344757080078,8598300,0,0,BBAS3
2024-02-15 00:00:00-03:00,57.71344605998934,57.95082950963319,57.377155040625006,57.72333908081055,8008600,0,0,BBAS3
2024-02-16 00:00:00-03:00,57.94094296882918,58.15854038699652,56.783704729008676,57.238685607910156,9509400,0,0,BBAS3
2024-02-19 00:00:00-03:00,57.28813848898425,58.40581217215772,56.97162972839952,58.27722930908203,9131800,0,0,BBAS3
2024-02-20 00:00:00-03:00,58.21788899311187,59.256433648092596,58.09919914562093,58.6530876159668,18413200,0,0,BBAS3
2024-02-21 00:00:00-03:00,58.67286746940945,58.93992244507611,58.41570551492418,58.79155731201172,22916100,0,0,BBAS3
2024-02-22 00:00:00-03:00,58.269500221059296,58.33899838647888,57.50501661407796,57.6837272644043,9899200,0,0,BBAS3
2024-02-23 00:00:00-03:00,57.71351762624049,57.84258348962675,56.730609002976394,56.96889114379883,10278100,0,0,BBAS3
2024-02-26 00:00:00-03:00,56.99867498301409,57.77308531268586,56.839821484943826,57.514949798583984,6720900,0,0,BBAS3
2024-02-27 00:00:00-03:00,57.77308428219336,58.32907340920523,57.584446940151544,58.20993423461914,6980100,0,0,BBAS3
2024-02-28 00:00:00-03:00,58.16029087004668,58.716276187156424,57.991506907805565,58.329071044921875,6167500,0,0,BBAS3
2024-02-29 00:00:00-03:00,58.32907262112818,58.49785280056426,57.286596336011,57.44544982910156,10211800,0,0,BBAS3
2024-03-01 00:00:00-03:00,57.53480396005391,57.94186626434974,57.415664789553304,57.5050163269043,5127900,0,0,BBAS3
2024-03-04 00:00:00-03:00,57.604303036163614,57.79294037472011,57.05824439308659,57.26673889160156,6495100,0,0,BBAS3
2024-03-05 00:00:00-03:00,57.38587912265282,57.951794936128444,57.27666663454944,57.663875579833984,4706000,0,0,BBAS3
2024-03-06 00:00:00-03:00,57.80287279367217,58.58720980791484,57.683729829911705,58.5177116394043,6241300,0,0,BBAS3
2024-03-07 00:00:00-03:00,58.51770864729254,58.68649261030658,57.83265368384551,57.96172332763672,7428900,0,0,BBAS3
2024-03-08 00:00:00-03:00,56.60153791590866,57.753226694698625,55.62855979135903,57.395809173583984,20002500,0,0,BBAS3
2024-03-11 00:00:00-03:00,57.286595332604364,57.286595332604364,56.49232788106361,56.81996154785156,12581900,0,0,BBAS3
2024-03-12 00:00:00-03:00,57.0099983215332,58.11000061035156,56.630001068115234,57.599998474121094,11361000,0,0,BBAS3
2024-03-13 00:00:00-03:00,57.5099983215332,57.7400016784668,56.880001068115234,56.959999084472656,10399700,0,0,BBAS3
2024-03-14 00:00:00-03:00,56.95000076293945,57.349998474121094,56.59000015258789,56.709999084472656,10353900,0,0,BBAS3
2024-03-15 00:00:00-03:00,56.81999969482422,57.52000045776367,56.77000045776367,57.290000915527344,14195700,0,0,BBAS3
2024-03-18 00:00:00-03:00,57.29999923706055,57.779998779296875,55.81999969482422,56.029998779296875,11317800,0,0,BBAS3
2024-03-19 00:00:00-03:00,56.2400016784668,56.43000030517578,55.130001068115234,55.83000183105469,10120900,0,0,BBAS3
2024-03-20 00:00:00-03:00,55.83000183105469,56.5,55.40999984741211,56.43000030517578,8843700,0,0,BBAS3
2024-03-21 00:00:00-03:00,56.599998474121094,57.0,55.459999084472656,55.63999938964844,8871000,0,0,BBAS3
2024-03-22 00:00:00-03:00,55.66999816894531,55.97999954223633,55.25,55.40999984741211,6568800,0,0,BBAS3
2024-03-25 00:00:00-03:00,55.43000030517578,56.130001068115234,55.27000045776367,55.630001068115234,6450700,0,0,BBAS3
2024-03-26 00:00:00-03:00,55.689998626708984,56.43000030517578,55.52000045776367,55.93000030517578,7738500,0,0,BBAS3
2024-03-27 00:00:00-03:00,56.16999816894531,56.2400016784668,55.34000015258789,55.970001220703125,7937300,0,0,BBAS3
2024-03-28 00:00:00-03:00,55.7599983215332,56.880001068115234,55.650001525878906,56.619998931884766,8536800,0,0,BBAS3
2024-04-01 00:00:00-03:00,56.70000076293945,56.91999816894531,55.709999084472656,56.08000183105469,5455400,0,0,BBAS3
2024-04-02 00:00:00-03:00,56.04999923706055,56.34000015258789,55.77000045776367,56.16999816894531,5256500,0,0,BBAS3
2024-04-03 00:00:00-03:00,56.09000015258789,56.63999938964844,55.650001525878906,56.38999938964844,7300400,0,0,BBAS3
2024-04-04 00:00:00-03:00,56.54999923706055,57.95000076293945,56.54999923706055,56.77000045776367,11676000,0,0,BBAS3
2024-04-05 00:00:00-03:00,56.900001525878906,57.08000183105469,56.45000076293945,57.0099983215332,6401900,0,0,BBAS3
2024-04-08 00:00:00-03:00,57.5,58.84000015258789,57.2599983215332,57.900001525878906,9848000,0,0,BBAS3
2024-04-09 00:00:00-03:00,58.25,58.77000045776367,58.18000030517578,58.38999938964844,4696400,0,0,BBAS3
2024-04-10 00:00:00-03:00,58.34000015258789,58.5,57.33000183105469,57.599998474121094,7069900,0,0,BBAS3
2024-04-11 00:00:00-03:00,57.5,58.06999969482422,57.34000015258789,57.7400016784668,6223800,0,0,BBAS3
2024-04-12 00:00:00-03:00,57.7400016784668,57.849998474121094,56.81999969482422,56.9900016784668,5652200,0,0,BBAS3
2023-04-13 00:00:00-04:00,7.043919946386803,7.143269919266708,7.033984712229794,7.103529930114746,1037600,0,0,EBR
2023-04-14 00:00:00-04:00,6.9147647890777755,7.173074720220555,6.875024799671194,7.073724746704102,2113300,0,0,EBR
2023-04-17 00:00:00-04:00,6.835285092211579,6.845219853103999,6.706129884443676,6.7955451011657715,1815700,0,0,EBR
2023-04-18 00:00:00-04:00,6.775674822075584,6.944569540082855,6.735934832692927,6.875024795532227,1565200,0,0,EBR
2023-04-19 00:00:00-04:00,6.716065215732106,6.7657399683852555,6.596844767140799,6.636584758758545,1087600,0,0,EBR
2023-04-20 00:00:00-04:00,6.586910006105397,6.686259985149762,6.557104775523052,6.636584758758545,1381800,0,0,EBR
2023-04-21 00:00:00-04:00,6.6564545169449865,6.706129741562895,6.5173645512481135,6.586909770965576,771700,0,0,EBR
2023-04-24 00:00:00-04:00,6.586909956813508,6.835285139434789,6.527299969832968,6.765739917755127,1293500,0,0,EBR
2023-04-25 00:00:00-04:00,6.7259998788912965,6.745869874411023,6.606779905772936,6.696194648742676,831600,0,0,EBR
2023-04-26 00:00:00-04:00,6.676324796980595,6.795545246404126,6.626650043980691,6.706130027770996,737100,0,0,EBR
2023-04-27 00:00:00-04:00,6.755804825261205,6.845219564475062,6.6961943674679105,6.775674819946289,540000,0,0,EBR
2023-04-28 00:00:00-04:00,6.7061295963963605,6.835284798616679,6.666389607057499,6.676324367523193,1357800,0,0,EBR
2023-05-01 00:00:00-04:00,6.706129741651329,6.924699687749296,6.666389751451698,6.686259746551514,1122400,0,0,EBR
2023-05-02 00:00:00-04:00,6.765739676546475,6.815414900794961,6.567039727028623,6.6167144775390625,1154800,0,0,EBR
2023-05-03 00:00:00-04:00,6.626649903314453,6.636584664208316,6.537234686579372,6.596844673156738,1339300,0,0,EBR
2023-05-04 00:00:00-04:00,6.7558050620948285,6.7955450528581345,6.616714620685199,6.72599983215332,2462000,0,0,EBR
2023-05-05 00:00:00-04:00,6.800000190734863,6.909999847412109,6.739999771118164,6.900000095367432,1284400,0,0,EBR
2023-05-08 00:00:00-04:00,6.699999809265137,6.829999923706055,6.599999904632568,6.690000057220459,1292400,0,0,EBR
2023-05-09 00:00:00-04:00,6.619999885559082,7.03000020980835,6.550000190734863,6.96999979019165,3400000,0,0,EBR
2023-05-10 00:00:00-04:00,7.090000152587891,7.340000152587891,7.070000171661377,7.239999771118164,1935000,0,0,EBR
2023-05-11 00:00:00-04:00,7.179999828338623,7.420000076293945,7.130000114440918,7.289999961853027,1397600,0,0,EBR
2023-05-12 00:00:00-04:00,7.28000020980835,7.309999942779541,7.139999866485596,7.170000076293945,1833500,0,0,EBR
2023-05-15 00:00:00-04:00,7.199999809265137,7.340000152587891,7.139999866485596,7.269999980926514,848100,0,0,EBR
2023-05-16 00:00:00-04:00,7.380000114440918,7.46999979019165,7.110000133514404,7.119999885559082,1499700,0,0,EBR
2023-05-17 00:00:00-04:00,7.210000038146973,7.21999979019165,6.960000038146973,7.010000228881836,1447700,0,0,EBR
2023-05-18 00:00:00-04:00,6.980000019073486,7.070000171661377,6.869999885559082,6.909999847412109,833600,0,0,EBR
2023-05-19 00:00:00-04:00,6.889999866485596,7.079999923706055,6.889999866485596,7.0,995700,0,0,EBR
2023-05-22 00:00:00-04:00,7.130000114440918,7.28000020980835,7.070000171661377,7.179999828338623,1043900,0,0,EBR
2023-05-23 00:00:00-04:00,7.199999809265137,7.329999923706055,7.170000076293945,7.199999809265137,1129400,0,0,EBR
2023-05-24 00:00:00-04:00,7.21999979019165,7.25,6.989999771118164,7.010000228881836,2818600,0,0,EBR
2023-05-25 00:00:00-04:00,7.239999771118164,7.309999942779541,7.079999923706055,7.119999885559082,1951000,0,0,EBR
2023-05-26 00:00:00-04:00,7.099999904632568,7.199999809265137,6.960000038146973,7.090000152587891,1412500,0,0,EBR
2023-05-30 00:00:00-04:00,6.869999885559082,6.929999828338623,6.78000020980835,6.889999866485596,1151400,0,0,EBR
2023-05-31 00:00:00-04:00,6.940000057220459,7.0,6.860000133514404,6.980000019073486,989300,0,0,EBR
2023-06-01 00:00:00-04:00,6.900000095367432,7.090000152587891,6.829999923706055,7.050000190734863,1239100,0,0,EBR
2023-06-02 00:00:00-04:00,7.230000019073486,7.309999942779541,7.190000057220459,7.289999961853027,1050700,0,0,EBR
2023-06-05 00:00:00-04:00,7.300000190734863,7.409999847412109,7.28000020980835,7.360000133514404,1368200,0,0,EBR
2023-06-06 00:00:00-04:00,7.5,7.769999980926514,7.480000019073486,7.710000038146973,1408000,0,0,EBR
2023-06-07 00:00:00-04:00,7.809999942779541,7.829999923706055,7.630000114440918,7.690000057220459,1516700,0,0,EBR
2023-06-08 00:00:00-04:00,7.639999866485596,7.699999809265137,7.630000114440918,7.679999828338623,368100,0,0,EBR
2023-06-09 00:00:00-04:00,7.71999979019165,7.989999771118164,7.71999979019165,7.849999904632568,785200,0,0,EBR
2023-06-12 00:00:00-04:00,7.889999866485596,8.050000190734863,7.829999923706055,8.0,2342900,0,0,EBR
2023-06-13 00:00:00-04:00,8.0,8.029999732971191,7.840000152587891,7.880000114440918,1112500,0,0,EBR
2023-06-14 00:00:00-04:00,7.949999809265137,8.170000076293945,7.940000057220459,8.109999656677246,2633000,0,0,EBR
2023-06-15 00:00:00-04:00,8.119999885559082,8.34000015258789,8.039999961853027,8.260000228881836,1306300,0,0,EBR
2023-06-16 00:00:00-04:00,8.050000190734863,8.180000305175781,8.010000228881836,8.010000228881836,3037500,0,0,EBR
2023-06-20 00:00:00-04:00,8.1899995803833,8.239999771118164,8.100000381469727,8.180000305175781,1653500,0,0,EBR
2023-06-21 00:00:00-04:00,8.220000267028809,8.359999656677246,8.199999809265137,8.289999961853027,1608500,0,0,EBR
2023-06-22 00:00:00-04:00,8.229999542236328,8.25,8.069999694824219,8.149999618530273,1165100,0,0,EBR
2023-06-23 00:00:00-04:00,8.130000114440918,8.399999618530273,8.119999885559082,8.319999694824219,1091800,0,0,EBR
2023-06-26 00:00:00-04:00,8.199999809265137,8.229999542236328,8.09000015258789,8.149999618530273,615500,0,0,EBR
2023-06-27 00:00:00-04:00,8.170000076293945,8.180000305175781,7.840000152587891,7.989999771118164,1151200,0,0,EBR
2023-06-28 00:00:00-04:00,7.940000057220459,8.029999732971191,7.880000114440918,7.889999866485596,778000,0,0,EBR
2023-06-29 00:00:00-04:00,7.900000095367432,7.980000019073486,7.840000152587891,7.960000038146973,814600,0,0,EBR
2023-06-30 00:00:00-04:00,8.050000190734863,8.319999694824219,8.050000190734863,8.270000457763672,1210000,0,0,EBR
2023-07-03 00:00:00-04:00,8.270000457763672,8.359999656677246,8.25,8.3100004196167,400300,0,0,EBR
2023-07-05 00:00:00-04:00,8.220000267028809,8.319999694824219,8.149999618530273,8.199999809265137,1059700,0,0,EBR
2023-07-06 00:00:00-04:00,8.0600004196167,8.079999923706055,7.880000114440918,7.909999847412109,796000,0,0,EBR
2023-07-07 00:00:00-04:00,7.980000019073486,8.229999542236328,7.980000019073486,8.130000114440918,821500,0,0,EBR
2023-07-10 00:00:00-04:00,8.0600004196167,8.109999656677246,8.0,8.010000228881836,570900,0,0,EBR
2023-07-11 00:00:00-04:00,7.840000152587891,7.980000019073486,7.739999771118164,7.949999809265137,970600,0,0,EBR
2023-07-12 00:00:00-04:00,8.039999961853027,8.149999618530273,7.889999866485596,7.909999847412109,1509800,0,0,EBR
2023-07-13 00:00:00-04:00,8.010000228881836,8.130000114440918,7.989999771118164,8.079999923706055,856300,0,0,EBR
2023-07-14 00:00:00-04:00,8.079999923706055,8.079999923706055,7.900000095367432,7.920000076293945,585000,0,0,EBR
2023-07-17 00:00:00-04:00,7.849999904632568,7.949999809265137,7.78000020980835,7.900000095367432,509300,0,0,EBR
2023-07-18 00:00:00-04:00,7.809999942779541,7.929999828338623,7.809999942779541,7.909999847412109,585300,0,0,EBR
2023-07-19 00:00:00-04:00,7.849999904632568,7.949999809265137,7.760000228881836,7.889999866485596,768200,0,0,EBR
2023-07-20 00:00:00-04:00,7.940000057220459,7.940000057220459,7.809999942779541,7.860000133514404,571000,0,0,EBR
2023-07-21 00:00:00-04:00,7.96999979019165,8.130000114440918,7.96999979019165,8.0600004196167,546700,0,0,EBR
2023-07-24 00:00:00-04:00,8.069999694824219,8.239999771118164,8.029999732971191,8.119999885559082,888900,0,0,EBR
2023-07-25 00:00:00-04:00,8.260000228881836,8.260000228881836,8.109999656677246,8.130000114440918,578700,0,0,EBR
2023-07-26 00:00:00-04:00,8.130000114440918,8.34000015258789,8.119999885559082,8.289999961853027,885400,0,0,EBR
2023-07-27 00:00:00-04:00,8.300000190734863,8.319999694824219,8.0,8.020000457763672,945800,0,0,EBR
2023-07-28 00:00:00-04:00,8.079999923706055,8.100000381469727,7.96999979019165,8.0,586600,0,0,EBR
2023-07-31 00:00:00-04:00,8.09000015258789,8.25,8.079999923706055,8.119999885559082,651600,0,0,EBR
2023-08-01 00:00:00-04:00,7.949999809265137,8.020000457763672,7.840000152587891,7.929999828338623,712400,0,0,EBR
2023-08-02 00:00:00-04:00,7.929999828338623,7.989999771118164,7.849999904632568,7.920000076293945,1062100,0,0,EBR
2023-08-03 00:00:00-04:00,7.630000114440918,7.690000057220459,7.420000076293945,7.420000076293945,1177100,0,0,EBR
2023-08-04 00:00:00-04:00,7.519999980926514,7.679999828338623,7.420000076293945,7.429999828338623,1163600,0,0,EBR
2023-08-07 00:00:00-04:00,7.389999866485596,7.440000057220459,7.309999942779541,7.360000133514404,704100,0,0,EBR
2023-08-08 00:00:00-04:00,7.489999771118164,7.53000020980835,7.409999847412109,7.489999771118164,995600,0,0,EBR
2023-08-09 00:00:00-04:00,7.480000019073486,7.78000020980835,7.389999866485596,7.519999980926514,1182100,0,0,EBR
2023-08-10 00:00:00-04:00,7.659999847412109,7.760000228881836,7.590000152587891,7.610000133514404,494200,0,0,EBR
2023-08-11 00:00:00-04:00,7.619999885559082,7.639999866485596,7.429999828338623,7.46999979019165,1054800,0,0,EBR
2023-08-14 00:00:00-04:00,7.420000076293945,7.420000076293945,7.28000020980835,7.320000171661377,573800,0,0,EBR
2023-08-15 00:00:00-04:00,7.079999923706055,7.090000152587891,6.989999771118164,7.010000228881836,1454800,0,0,EBR
2023-08-16 00:00:00-04:00,7.050000190734863,7.059999942779541,6.710000038146973,6.800000190734863,3231200,0,0,EBR
2023-08-17 00:00:00-04:00,6.820000171661377,6.960000038146973,6.78000020980835,6.929999828338623,1207700,0,0,EBR
2023-08-18 00:00:00-04:00,6.940000057220459,7.019999980926514,6.909999847412109,6.949999809265137,639400,0,0,EBR
2023-08-21 00:00:00-04:00,6.840000152587891,6.849999904632568,6.760000228881836,6.809999942779541,1101300,0,0,EBR
2023-08-22 00:00:00-04:00,6.860000133514404,6.929999828338623,6.820000171661377,6.889999866485596,888300,0,0,EBR
2023-08-23 00:00:00-04:00,7.179999828338623,7.519999980926514,7.119999885559082,7.460000038146973,2362400,0,0,EBR
2023-08-24 00:00:00-04:00,7.599999904632568,7.710000038146973,7.489999771118164,7.550000190734863,1403600,0,0,EBR
2023-08-25 00:00:00-04:00,7.5,7.539999961853027,7.409999847412109,7.460000038146973,889900,0,0,EBR
2023-08-28 00:00:00-04:00,7.409999847412109,7.480000019073486,7.360000133514404,7.460000038146973,442500,0,0,EBR
2023-08-29 00:00:00-04:00,7.449999809265137,7.519999980926514,7.389999866485596,7.489999771118164,765200,0,0,EBR
2023-08-30 00:00:00-04:00,7.550000190734863,7.570000171661377,7.409999847412109,7.429999828338623,484900,0,0,EBR
2023-08-31 00:00:00-04:00,7.289999961853027,7.289999961853027,7.079999923706055,7.110000133514404,650200,0,0,EBR
2023-09-01 00:00:00-04:00,7.190000057220459,7.239999771118164,7.150000095367432,7.159999847412109,432100,0,0,EBR
2023-09-05 00:00:00-04:00,7.0,7.090000152587891,6.949999809265137,7.0,560700,0,0,EBR
2023-09-06 00:00:00-04:00,6.980000019073486,7.019999980926514,6.820000171661377,6.849999904632568,511200,0,0,EBR
2023-09-07 00:00:00-04:00,6.849999904632568,6.869999885559082,6.78000020980835,6.78000020980835,376600,0,0,EBR
2023-09-08 00:00:00-04:00,6.78000020980835,6.889999866485596,6.710000038146973,6.869999885559082,611800,0,0,EBR
2023-09-11 00:00:00-04:00,6.96999979019165,7.099999904632568,6.940000057220459,7.079999923706055,501600,0,0,EBR
2023-09-12 00:00:00-04:00,7.039999961853027,7.230000019073486,7.039999961853027,7.199999809265137,427800,0,0,EBR
2023-09-13 00:00:00-04:00,7.28000020980835,7.570000171661377,7.28000020980835,7.400000095367432,1025300,0,0,EBR
2023-09-14 00:00:00-04:00,7.440000057220459,7.550000190734863,7.349999904632568,7.510000228881836,670500,0,0,EBR
2023-09-15 00:00:00-04:00,7.46999979019165,7.480000019073486,7.320000171661377,7.329999923706055,1253800,0,0,EBR
2023-09-18 00:00:00-04:00,7.349999904632568,7.380000114440918,7.25,7.349999904632568,653300,0,0,EBR
2023-09-19 00:00:00-04:00,7.400000095367432,7.400000095367432,7.239999771118164,7.260000228881836,588600,0,0,EBR
2023-09-20 00:00:00-04:00,7.320000171661377,7.440000057220459,7.289999961853027,7.409999847412109,672600,0,0,EBR
2023-09-21 00:00:00-04:00,7.130000114440918,7.25,7.050000190734863,7.070000171661377,999600,0,0,EBR
2023-09-22 00:00:00-04:00,7.079999923706055,7.170000076293945,7.03000020980835,7.079999923706055,662000,0,0,EBR
2023-09-25 00:00:00-04:00,7.050000190734863,7.239999771118164,7.039999961853027,7.199999809265137,1293300,0,0,EBR
2023-09-26 00:00:00-04:00,7.380000114440918,7.559999942779541,7.25,7.260000228881836,1527400,0,0,EBR
2023-09-27 00:00:00-04:00,7.190000057220459,7.230000019073486,6.869999885559082,7.0,1866000,0,0,EBR
2023-09-28 00:00:00-04:00,7.019999980926514,7.199999809265137,6.949999809265137,7.150000095367432,1052900,0,0,EBR
2023-09-29 00:00:00-04:00,7.260000228881836,7.320000171661377,7.230000019073486,7.309999942779541,2136300,0,0,EBR
2023-10-02 00:00:00-04:00,7.260000228881836,7.260000228881836,7.079999923706055,7.090000152587891,808100,0,0,EBR
2023-10-03 00:00:00-04:00,7.050000190734863,7.090000152587891,6.800000190734863,6.829999923706055,1414800,0,0,EBR
2023-10-04 00:00:00-04:00,6.849999904632568,6.929999828338623,6.739999771118164,6.840000152587891,703700,0,0,EBR
2023-10-05 00:00:00-04:00,6.820000171661377,6.889999866485596,6.659999847412109,6.730000019073486,766100,0,0,EBR
2023-10-06 00:00:00-04:00,6.579999923706055,6.75,6.449999809265137,6.71999979019165,1412900,0,0,EBR
2023-10-09 00:00:00-04:00,6.599999904632568,6.929999828338623,6.599999904632568,6.880000114440918,954800,0,0,EBR
2023-10-10 00:00:00-04:00,7.010000228881836,7.159999847412109,6.96999979019165,7.159999847412109,798100,0,0,EBR
2023-10-11 00:00:00-04:00,7.130000114440918,7.199999809265137,7.079999923706055,7.179999828338623,669200,0,0,EBR
2023-10-12 00:00:00-04:00,7.159999847412109,7.210000038146973,6.980000019073486,7.010000228881836,463100,0,0,EBR
2023-10-13 00:00:00-04:00,7.130000114440918,7.190000057220459,6.960000038146973,6.989999771118164,1512100,0,0,EBR
2023-10-16 00:00:00-04:00,7.010000228881836,7.090000152587891,6.949999809265137,7.039999961853027,508400,0,0,EBR
2023-10-17 00:00:00-04:00,6.96999979019165,7.099999904632568,6.880000114440918,6.960000038146973,1832700,0,0,EBR
2023-10-18 00:00:00-04:00,6.820000171661377,6.820000171661377,6.650000095367432,6.679999828338623,983500,0,0,EBR
2023-10-19 00:00:00-04:00,6.670000076293945,6.849999904632568,6.670000076293945,6.730000019073486,814100,0,0,EBR
2023-10-20 00:00:00-04:00,6.710000038146973,6.820000171661377,6.659999847412109,6.760000228881836,1291900,0,0,EBR
2023-10-23 00:00:00-04:00,6.75,6.920000076293945,6.730000019073486,6.789999961853027,562300,0,0,EBR
2023-10-24 00:00:00-04:00,6.849999904632568,6.989999771118164,6.840000152587891,6.920000076293945,1149700,0,0,EBR
2023-10-25 00:00:00-04:00,6.909999847412109,6.909999847412109,6.769999980926514,6.849999904632568,761700,0,0,EBR
2023-10-26 00:00:00-04:00,6.929999828338623,7.03000020980835,6.880000114440918,7.019999980926514,481100,0,0,EBR
2023-10-27 00:00:00-04:00,7.199999809265137,7.260000228881836,6.800000190734863,6.840000152587891,1057500,0,0,EBR
2023-10-30 00:00:00-04:00,6.989999771118164,7.059999942779541,6.75,6.800000190734863,992600,0,0,EBR
2023-10-31 00:00:00-04:00,6.760000228881836,6.889999866485596,6.75,6.849999904632568,913800,0,0,EBR
2023-11-01 00:00:00-04:00,6.909999847412109,7.269999980926514,6.909999847412109,7.230000019073486,934700,0,0,EBR
2023-11-02 00:00:00-04:00,7.329999923706055,7.409999847412109,7.28000020980835,7.340000152587891,983900,0,0,EBR
2023-11-03 00:00:00-04:00,7.510000228881836,7.619999885559082,7.409999847412109,7.53000020980835,1694000,0,0,EBR
2023-11-06 00:00:00-05:00,7.420000076293945,7.579999923706055,7.409999847412109,7.539999961853027,1014300,0,0,EBR
2023-11-07 00:00:00-05:00,7.690000057220459,7.800000190734863,7.670000076293945,7.679999828338623,1600300,0,0,EBR
2023-11-08 00:00:00-05:00,7.760000228881836,7.840000152587891,7.539999961853027,7.610000133514404,1790400,0,0,EBR
2023-11-09 00:00:00-05:00,7.690000057220459,7.730000019073486,7.489999771118164,7.519999980926514,1227400,0,0,EBR
2023-11-10 00:00:00-05:00,7.630000114440918,7.710000038146973,7.550000190734863,7.599999904632568,724300,0,0,EBR
2023-11-13 00:00:00-05:00,7.579999923706055,7.800000190734863,7.570000171661377,7.78000020980835,627500,0,0,EBR
2023-11-14 00:00:00-05:00,8.010000228881836,8.130000114440918,7.989999771118164,8.100000381469727,845700,0,0,EBR
2023-11-15 00:00:00-05:00,8.130000114440918,8.229999542236328,7.96999979019165,8.140000343322754,1186500,0,0,EBR
2023-11-16 00:00:00-05:00,8.260000228881836,8.34000015258789,8.140000343322754,8.329999923706055,1073800,0,0,EBR
2023-11-17 00:00:00-05:00,8.239999771118164,8.399999618530273,8.210000038146973,8.229999542236328,848200,0,0,EBR
2023-11-20 00:00:00-05:00,8.239999771118164,8.390000343322754,8.239999771118164,8.359999656677246,742700,0,0,EBR
2023-11-21 00:00:00-05:00,8.25,8.300000190734863,8.130000114440918,8.180000305175781,673900,0,0,EBR
2023-11-22 00:00:00-05:00,8.229999542236328,8.3100004196167,8.109999656677246,8.1899995803833,722500,0,0,EBR
2023-11-24 00:00:00-05:00,8.270000457763672,8.319999694824219,8.220000267028809,8.270000457763672,352300,0,0,EBR
2023-11-27 00:00:00-05:00,8.3100004196167,8.430000305175781,8.229999542236328,8.399999618530273,879700,0,0,EBR
2023-11-28 00:00:00-05:00,8.380000114440918,8.520000457763672,8.319999694824219,8.380000114440918,620200,0,0,EBR
2023-11-29 00:00:00-05:00,8.3100004196167,8.40999984741211,8.270000457763672,8.289999961853027,514400,0,0,EBR
2023-11-30 00:00:00-05:00,8.210000038146973,8.329999923706055,8.09000015258789,8.279999732971191,1897600,0,0,EBR
2023-12-01 00:00:00-05:00,8.1899995803833,8.470000267028809,8.180000305175781,8.380000114440918,903800,0,0,EBR
2023-12-04 00:00:00-05:00,8.3100004196167,8.369999885559082,8.180000305175781,8.239999771118164,698600,0,0,EBR
2023-12-05 00:00:00-05:00,8.229999542236328,8.470000267028809,8.229999542236328,8.390000343322754,1257500,0,0,EBR
2023-12-06 00:00:00-05:00,8.449999809265137,8.470000267028809,8.399999618530273,8.449999809265137,814600,0,0,EBR
2023-12-07 00:00:00-05:00,8.5,8.5,8.399999618530273,8.40999984741211,528200,0,0,EBR
2023-12-08 00:00:00-05:00,8.390000343322754,8.479999542236328,8.279999732971191,8.34000015258789,1258500,0,0,EBR
2023-12-11 00:00:00-05:00,8.300000190734863,8.359999656677246,8.239999771118164,8.300000190734863,784200,0,0,EBR
2023-12-12 00:00:00-05:00,8.260000228881836,8.270000457763672,8.140000343322754,8.1899995803833,1330900,0,0,EBR
2023-12-13 00:00:00-05:00,8.260000228881836,8.539999961853027,8.220000267028809,8.539999961853027,1518600,0,0,EBR
2023-12-14 00:00:00-05:00,8.5,8.520000457763672,8.390000343322754,8.470000267028809,1252800,0,0,EBR
2023-12-15 00:00:00-05:00,8.399999618530273,8.40999984741211,8.229999542236328,8.25,2066500,0,0,EBR
2023-12-18 00:00:00-05:00,8.350000381469727,8.489999771118164,8.289999961853027,8.460000038146973,964300,0,0,EBR
2023-12-19 00:00:00-05:00,8.5600004196167,8.609999656677246,8.489999771118164,8.600000381469727,624100,0,0,EBR
2023-12-20 00:00:00-05:00,8.529999732971191,8.550000190734863,8.319999694824219,8.319999694824219,1403100,0,0,EBR
2023-12-21 00:00:00-05:00,8.479999542236328,8.550000190734863,8.430000305175781,8.539999961853027,706100,0,0,EBR
2023-12-22 00:00:00-05:00,8.539999961853027,8.729999542236328,8.520000457763672,8.65999984741211,566100,0,0,EBR
2023-12-26 00:00:00-05:00,8.710000038146973,8.770000457763672,8.6899995803833,8.739999771118164,388600,0,0,EBR
2023-12-27 00:00:00-05:00,8.720000267028809,8.800000190734863,8.6899995803833,8.770000457763672,437000,0,0,EBR
2023-12-28 00:00:00-05:00,8.760000228881836,8.819999694824219,8.649999618530273,8.680000305175781,1009300,0,0,EBR
2023-12-29 00:00:00-05:00,8.649999618530273,8.649999618530273,8.550000190734863,8.619999885559082,574600,0,0,EBR
2024-01-02 00:00:00-05:00,8.470000267028809,8.600000381469727,8.449999809265137,8.489999771118164,836600,0,0,EBR
2024-01-03 00:00:00-05:00,8.470000267028809,8.569999694824219,8.460000038146973,8.470000267028809,530600,0,0,EBR
2024-01-04 00:00:00-05:00,8.380000114440918,8.4399995803833,8.34000015258789,8.399999618530273,463200,0,0,EBR
2024-01-05 00:00:00-05:00,8.449999809265137,8.5600004196167,8.430000305175781,8.479999542236328,415200,0,0,EBR
2024-01-08 00:00:00-05:00,8.380000114440918,8.489999771118164,8.380000114440918,8.449999809265137,622500,0,0,EBR
2024-01-09 00:00:00-05:00,8.430000305175781,8.510000228881836,8.390000343322754,8.479999542236328,672300,0,0,EBR
2024-01-10 00:00:00-05:00,8.579999923706055,8.789999961853027,8.510000228881836,8.720000267028809,820800,0,0,EBR
2024-01-11 00:00:00-05:00,8.880000114440918,8.960000038146973,8.710000038146973,8.869999885559082,1442000,0,0,EBR
2024-01-12 00:00:00-05:00,8.949999809265137,8.989999771118164,8.800000190734863,8.880000114440918,478400,0,0,EBR
2024-01-16 00:00:00-05:00,8.710000038146973,8.720000267028809,8.4399995803833,8.529999732971191,1283600,0,0,EBR
2024-01-17 00:00:00-05:00,8.510000228881836,8.550000190734863,8.470000267028809,8.510000228881836,414300,0,0,EBR
2024-01-18 00:00:00-05:00,8.460000038146973,8.460000038146973,8.289999961853027,8.3100004196167,529800,0,0,EBR
2024-01-19 00:00:00-05:00,8.449999809265137,8.5600004196167,8.40999984741211,8.5,787100,0,0,EBR
2024-01-22 00:00:00-05:00,8.399999618530273,8.430000305175781,8.119999885559082,8.170000076293945,794200,0,0,EBR
2024-01-23 00:00:00-05:00,8.300000190734863,8.3100004196167,8.149999618530273,8.279999732971191,1142800,0,0,EBR
2024-01-24 00:00:00-05:00,8.380000114440918,8.390000343322754,8.270000457763672,8.289999961853027,475400,0,0,EBR
2024-01-25 00:00:00-05:00,8.369999885559082,8.399999618530273,8.319999694824219,8.380000114440918,522000,0,0,EBR
2024-01-26 00:00:00-05:00,8.399999618530273,8.399999618530273,8.319999694824219,8.34000015258789,597300,0,0,EBR
2024-01-29 00:00:00-05:00,8.399999618530273,8.430000305175781,8.25,8.300000190734863,825900,0,0,EBR
2024-01-30 00:00:00-05:00,8.1899995803833,8.220000267028809,8.069999694824219,8.149999618530273,856800,0,0,EBR
2024-01-31 00:00:00-05:00,8.270000457763672,8.430000305175781,8.229999542236328,8.260000228881836,993800,0,0,EBR
2024-02-01 00:00:00-05:00,8.25,8.460000038146973,8.1899995803833,8.430000305175781,820800,0,0,EBR
2024-02-02 00:00:00-05:00,8.199999809265137,8.239999771118164,8.109999656677246,8.210000038146973,705000,0,0,EBR
2024-02-05 00:00:00-05:00,8.1899995803833,8.239999771118164,8.050000190734863,8.210000038146973,424100,0,0,EBR
2024-02-06 00:00:00-05:00,8.5,8.720000267028809,8.5,8.710000038146973,767500,0,0,EBR
2024-02-07 00:00:00-05:00,8.65999984741211,8.800000190734863,8.65999984741211,8.720000267028809,712500,0,0,EBR
2024-02-08 00:00:00-05:00,8.699999809265137,8.720000267028809,8.5600004196167,8.579999923706055,858100,0,0,EBR
2024-02-09 00:00:00-05:00,8.600000381469727,8.84000015258789,8.569999694824219,8.789999961853027,1115700,0,0,EBR
2024-02-12 00:00:00-05:00,8.819999694824219,8.850000381469727,8.710000038146973,8.84000015258789,391900,0,0,EBR
2024-02-13 00:00:00-05:00,8.720000267028809,8.779999732971191,8.460000038146973,8.510000228881836,669400,0,0,EBR
2024-02-14 00:00:00-05:00,8.59000015258789,8.6899995803833,8.5,8.65999984741211,834300,0,0,EBR
2024-02-15 00:00:00-05:00,8.65999984741211,8.6899995803833,8.579999923706055,8.600000381469727,714900,0,0,EBR
2024-02-16 00:00:00-05:00,8.5600004196167,8.65999984741211,8.529999732971191,8.569999694824219,465900,0,0,EBR
2024-02-20 00:00:00-05:00,8.779999732971191,9.109999656677246,8.779999732971191,9.039999961853027,895400,0,0,EBR
2024-02-21 00:00:00-05:00,8.930000305175781,8.9399995803833,8.770000457763672,8.829999923706055,697500,0,0,EBR
2024-02-22 00:00:00-05:00,8.880000114440918,8.90999984741211,8.729999542236328,8.760000228881836,508700,0,0,EBR
2024-02-23 00:00:00-05:00,8.720000267028809,8.720000267028809,8.600000381469727,8.619999885559082,372500,0,0,EBR
2024-02-26 00:00:00-05:00,8.670000076293945,8.720000267028809,8.609999656677246,8.680000305175781,306600,0,0,EBR
2024-02-27 00:00:00-05:00,8.829999923706055,8.949999809265137,8.8100004196167,8.90999984741211,511200,0,0,EBR
2024-02-28 00:00:00-05:00,8.779999732971191,8.869999885559082,8.739999771118164,8.819999694824219,449500,0,0,EBR
2024-02-29 00:00:00-05:00,8.729999542236328,8.84000015258789,8.710000038146973,8.75,487400,0,0,EBR
2024-03-01 00:00:00-05:00,8.800000190734863,8.90999984741211,8.710000038146973,8.819999694824219,770200,0,0,EBR
2024-03-04 00:00:00-05:00,8.779999732971191,8.819999694824219,8.699999809265137,8.779999732971191,557400,0,0,EBR
2024-03-05 00:00:00-05:00,8.84000015258789,8.949999809265137,8.75,8.800000190734863,1080500,0,0,EBR
2024-03-06 00:00:00-05:00,8.880000114440918,8.890000343322754,8.779999732971191,8.8100004196167,402200,0,0,EBR
2024-03-07 00:00:00-05:00,8.789999961853027,8.800000190734863,8.729999542236328,8.789999961853027,325000,0,0,EBR
2024-03-08 00:00:00-05:00,8.649999618530273,8.760000228881836,8.609999656677246,8.6899995803833,622000,0,0,EBR
2024-03-11 00:00:00-04:00,8.65999984741211,8.720000267028809,8.630000114440918,8.640000343322754,642900,0,0,EBR
2024-03-12 00:00:00-04:00,8.670000076293945,8.84000015258789,8.630000114440918,8.770000457763672,1037100,0,0,EBR
2024-03-13 00:00:00-04:00,8.699999809265137,8.819999694824219,8.65999984741211,8.729999542236328,1421600,0,0,EBR
2024-03-14 00:00:00-04:00,8.880000114440918,8.920000076293945,8.75,8.819999694824219,1009300,0,0,EBR
2024-03-15 00:00:00-04:00,8.720000267028809,8.720000267028809,8.40999984741211,8.59000015258789,1543000,0,0,EBR
2024-03-18 00:00:00-04:00,8.609999656677246,8.630000114440918,8.229999542236328,8.229999542236328,925900,0,0,EBR
2024-03-19 00:00:00-04:00,8.180000305175781,8.380000114440918,8.119999885559082,8.300000190734863,1664600,0,0,EBR
2024-03-20 00:00:00-04:00,8.40999984741211,8.539999961853027,8.350000381469727,8.520000457763672,1231600,0,0,EBR
2024-03-21 00:00:00-04:00,8.479999542236328,8.569999694824219,8.399999618530273,8.529999732971191,1162500,0,0,EBR
2024-03-22 00:00:00-04:00,8.470000267028809,8.5600004196167,8.359999656677246,8.399999618530273,545300,0,0,EBR
2024-03-25 00:00:00-04:00,8.399999618530273,8.550000190734863,8.369999885559082,8.5,978500,0,0,EBR
2024-03-26 00:00:00-04:00,8.489999771118164,8.569999694824219,8.460000038146973,8.5,622100,0,0,EBR
2024-03-27 00:00:00-04:00,8.510000228881836,8.520000457763672,8.270000457763672,8.390000343322754,977400,0,0,EBR
2024-03-28 00:00:00-04:00,8.350000381469727,8.430000305175781,8.25,8.350000381469727,1623600,0,0,EBR
2024-04-01 00:00:00-04:00,8.350000381469727,8.369999885559082,8.079999923706055,8.140000343322754,821700,0,0,EBR
2024-04-02 00:00:00-04:00,8.079999923706055,8.140000343322754,8.020000457763672,8.100000381469727,838500,0,0,EBR
2024-04-03 00:00:00-04:00,8.039999961853027,8.15999984741211,7.909999847412109,8.119999885559082,1424700,0,0,EBR
2024-04-04 00:00:00-04:00,8.319999694824219,8.399999618530273,8.119999885559082,8.170000076293945,2449400,0,0,EBR
2024-04-05 00:00:00-04:00,8.109999656677246,8.140000343322754,7.96999979019165,8.140000343322754,1117500,0,0,EBR
2024-04-08 00:00:00-04:00,8.100000381469727,8.279999732971191,8.079999923706055,8.1899995803833,777600,0,0,EBR
2024-04-09 00:00:00-04:00,8.279999732971191,8.369999885559082,8.239999771118164,8.319999694824219,880700,0,0,EBR
2024-04-10 00:00:00-04:00,8.149999618530273,8.210000038146973,7.989999771118164,8.029999732971191,1391000,0,0,EBR
2024-04-11 00:00:00-04:00,7.929999828338623,7.929999828338623,7.630000114440918,7.650000095367432,2396200,0,0,EBR
2024-04-12 00:00:00-04:00,7.610000133514404,7.730000019073486,7.539999961853027,7.650000095367432,1173300,0,0,EBR
